engine;pkg;cpu;sleep;diff
knuth_b;22.80;0.946856348;18.54;4.26
knuth_b;22.80;0.946727578;18.52;4.28
knuth_b;22.85;0.947322158;18.56;4.29
knuth_b;22.69;0.946645208;18.51;4.18
knuth_b;22.75;0.946643881;18.54;4.21
knuth_b;22.80;0.947116954;18.54;4.26
knuth_b;22.80;0.947058355;18.40;4.40
knuth_b;22.81;0.946930185;18.48;4.33
knuth_b;22.70;0.947108589;18.53;4.17
knuth_b;22.73;0.946795830;18.46;4.27
knuth_b;22.68;0.946583736;18.48;4.20
knuth_b;22.70;0.947073834;18.52;4.18
knuth_b;22.72;0.946445265;18.52;4.20
knuth_b;22.65;0.946664669;18.62;4.03
knuth_b;22.75;0.946620934;18.53;4.22
knuth_b;22.78;0.947254471;18.51;4.27
knuth_b;22.82;0.946749618;18.60;4.22
knuth_b;22.72;0.946681941;18.53;4.19
knuth_b;22.70;0.946567553;18.63;4.07
knuth_b;22.66;0.946541821;18.48;4.18
knuth_b;22.73;0.946474669;18.48;4.25
knuth_b;22.97;0.946664821;18.63;4.34
knuth_b;22.72;0.946650481;18.53;4.19
knuth_b;22.75;0.947105192;18.63;4.12
knuth_b;22.83;0.947165100;18.53;4.30
knuth_b;22.73;0.946628573;18.49;4.24
knuth_b;22.91;0.946683165;18.52;4.39
knuth_b;22.77;0.946762658;18.52;4.25
knuth_b;22.73;0.946794784;18.60;4.13
knuth_b;22.77;0.947077379;18.51;4.26
knuth_b;22.79;0.947142434;18.51;4.28
knuth_b;22.81;0.946667782;18.48;4.33
knuth_b;22.86;0.947247156;18.50;4.36
knuth_b;22.75;0.947069713;18.58;4.17
knuth_b;22.74;0.946920946;18.53;4.21
knuth_b;22.71;0.946576815;18.49;4.22
knuth_b;22.69;0.946854084;18.49;4.20
knuth_b;22.79;0.947068557;18.50;4.29
knuth_b;22.53;0.946834156;18.46;4.07
knuth_b;22.72;0.946681886;18.53;4.19
knuth_b;22.77;0.947174903;18.57;4.20
knuth_b;22.76;0.946698363;18.47;4.29
knuth_b;22.74;0.946917529;18.53;4.21
knuth_b;22.66;0.946656553;18.40;4.26
knuth_b;22.67;0.946754884;18.49;4.18
knuth_b;22.68;0.947269309;18.45;4.23
knuth_b;22.68;0.946586921;18.59;4.09
knuth_b;22.62;0.946648180;18.46;4.16
knuth_b;22.75;0.947090071;18.46;4.29
knuth_b;22.75;0.947239803;18.47;4.28
knuth_b;22.69;0.947156580;18.50;4.19
knuth_b;22.69;0.946659727;18.51;4.18
knuth_b;22.75;0.946660538;18.48;4.27
knuth_b;22.77;0.947213434;18.57;4.20
knuth_b;22.83;0.947350320;18.54;4.29
knuth_b;22.72;0.946771336;18.55;4.17
knuth_b;22.62;0.946690439;18.51;4.11
knuth_b;22.75;0.947118577;18.52;4.23
knuth_b;22.70;0.947127599;18.46;4.24
knuth_b;22.95;0.947099272;18.52;4.43
knuth_b;22.61;0.946506384;18.49;4.12
knuth_b;22.68;0.946455498;18.53;4.15
knuth_b;22.86;0.947541468;18.54;4.32
knuth_b;22.80;0.947152487;18.54;4.26
knuth_b;22.93;0.946439116;18.43;4.50
knuth_b;22.71;0.947165666;18.52;4.19
knuth_b;22.64;0.946472426;18.62;4.02
knuth_b;22.70;0.946768339;18.50;4.20
knuth_b;22.66;0.946644663;18.46;4.20
knuth_b;22.92;0.946802698;18.49;4.43
knuth_b;22.69;0.946466619;18.53;4.16
knuth_b;22.72;0.946986971;18.69;4.03
knuth_b;22.53;0.946907383;18.47;4.06
knuth_b;22.69;0.946707952;18.42;4.27
knuth_b;22.89;0.946799552;18.41;4.48
knuth_b;22.77;0.947125149;18.46;4.31
knuth_b;22.72;0.946819616;18.60;4.12
knuth_b;22.81;0.947254441;18.61;4.20
knuth_b;22.78;0.946714573;18.54;4.24
knuth_b;22.75;0.946730220;18.51;4.24
knuth_b;22.77;0.947264200;18.47;4.30
knuth_b;22.45;0.946642150;18.55;3.90
knuth_b;22.70;0.946809941;18.50;4.20
knuth_b;22.67;0.946540383;18.47;4.20
knuth_b;22.54;0.947030684;18.49;4.05
knuth_b;22.62;0.946622740;18.44;4.18
knuth_b;22.73;0.947100755;18.49;4.24
knuth_b;22.74;0.946734258;18.49;4.25
knuth_b;22.67;0.946749900;18.48;4.19
knuth_b;22.69;0.946833916;18.58;4.11
knuth_b;22.73;0.947122841;18.54;4.19
knuth_b;22.47;0.946584431;18.46;4.01
knuth_b;22.68;0.946451925;18.40;4.28
knuth_b;22.70;0.946670920;18.48;4.22
knuth_b;22.61;0.946355907;18.48;4.13
knuth_b;22.61;0.946917122;18.47;4.14
knuth_b;22.40;0.947119500;18.52;3.88
knuth_b;22.65;0.946495735;18.46;4.19
knuth_b;22.70;0.947055727;18.50;4.20
knuth_b;22.60;0.946602424;18.45;4.15
minstd_rand0;8.49;0.352065214;6.89;1.60
minstd_rand0;8.45;0.352189745;6.91;1.54
minstd_rand0;8.45;0.352245963;6.84;1.61
minstd_rand0;8.44;0.352173971;6.88;1.56
minstd_rand0;8.45;0.352242473;6.91;1.54
minstd_rand0;8.45;0.352244051;6.89;1.56
minstd_rand0;8.83;0.352967730;6.89;1.94
minstd_rand0;8.45;0.352212844;7.06;1.39
minstd_rand0;8.49;0.352346859;6.90;1.59
minstd_rand0;8.49;0.352376549;6.89;1.60
minstd_rand0;8.46;0.352228753;6.85;1.61
minstd_rand0;8.46;0.352310871;6.92;1.54
minstd_rand0;8.44;0.352353400;6.89;1.55
minstd_rand0;8.46;0.352315773;6.87;1.59
minstd_rand0;8.47;0.352331317;6.89;1.58
minstd_rand0;8.44;0.352365279;7.03;1.41
minstd_rand0;8.50;0.352278264;6.87;1.63
minstd_rand0;8.54;0.352213117;6.90;1.64
minstd_rand0;8.42;0.352113301;6.86;1.56
minstd_rand0;8.51;0.352200563;6.90;1.61
minstd_rand0;8.45;0.352075671;6.90;1.55
minstd_rand0;8.51;0.352373017;6.88;1.63
minstd_rand0;8.49;0.352248172;6.91;1.58
minstd_rand0;8.47;0.352118115;6.93;1.54
minstd_rand0;8.58;0.354041592;6.94;1.64
minstd_rand0;8.56;0.352218881;6.87;1.69
minstd_rand0;8.49;0.352413752;6.90;1.59
minstd_rand0;8.52;0.352282658;6.91;1.61
minstd_rand0;8.44;0.352009150;6.88;1.56
minstd_rand0;8.48;0.352402241;6.91;1.57
minstd_rand0;8.43;0.352116813;6.93;1.50
minstd_rand0;8.46;0.352409086;6.92;1.54
minstd_rand0;8.51;0.352053244;6.88;1.63
minstd_rand0;8.70;0.352149542;6.94;1.76
minstd_rand0;8.49;0.352106377;6.95;1.54
minstd_rand0;8.46;0.352293195;6.90;1.56
minstd_rand0;8.46;0.352225309;6.90;1.56
minstd_rand0;8.48;0.352270856;6.88;1.60
minstd_rand0;8.47;0.352337770;6.88;1.59
minstd_rand0;8.47;0.352260338;6.88;1.59
minstd_rand0;8.46;0.352291304;6.88;1.58
minstd_rand0;8.68;0.352108984;6.92;1.76
minstd_rand0;8.45;0.352196630;7.03;1.42
minstd_rand0;8.52;0.352409968;6.91;1.61
minstd_rand0;8.46;0.352283338;6.89;1.57
minstd_rand0;8.44;0.352332869;6.88;1.56
minstd_rand0;8.63;0.354208633;6.93;1.70
minstd_rand0;8.43;0.352170328;6.90;1.53
minstd_rand0;8.48;0.352114404;6.85;1.63
minstd_rand0;8.51;0.351922208;6.90;1.61
minstd_rand0;8.48;0.352166523;7.06;1.42
minstd_rand0;8.42;0.352417780;6.91;1.51
minstd_rand0;8.46;0.352138868;6.91;1.55
minstd_rand0;8.49;0.352333653;6.88;1.61
minstd_rand0;8.44;0.352250724;6.87;1.57
minstd_rand0;8.43;0.352259577;6.93;1.50
minstd_rand0;8.51;0.352262230;6.90;1.61
minstd_rand0;8.45;0.352414631;6.89;1.56
minstd_rand0;8.43;0.352255166;7.00;1.43
minstd_rand0;8.44;0.352137880;6.88;1.56
minstd_rand0;8.58;0.352302024;6.87;1.71
minstd_rand0;8.46;0.352168153;6.85;1.61
minstd_rand0;8.50;0.352321801;6.90;1.60
minstd_rand0;8.50;0.352122919;6.89;1.61
minstd_rand0;8.49;0.352159188;6.90;1.59
minstd_rand0;8.49;0.352231143;6.91;1.58
minstd_rand0;8.49;0.352160173;6.96;1.53
minstd_rand0;8.48;0.352346753;6.89;1.59
minstd_rand0;8.72;0.352483543;6.89;1.83
minstd_rand0;8.49;0.352297072;6.92;1.57
minstd_rand0;8.46;0.352377976;6.88;1.58
minstd_rand0;8.45;0.352226520;6.92;1.53
minstd_rand0;8.50;0.352337825;6.84;1.66
minstd_rand0;8.50;0.352156773;6.88;1.62
minstd_rand0;8.45;0.352345576;6.90;1.55
minstd_rand0;8.47;0.352164956;6.93;1.54
minstd_rand0;8.68;0.352293223;6.89;1.79
minstd_rand0;8.46;0.352170218;6.96;1.50
minstd_rand0;8.48;0.352327923;6.87;1.61
minstd_rand0;8.46;0.352264904;6.93;1.53
minstd_rand0;8.52;0.352138555;6.90;1.62
minstd_rand0;8.49;0.352091258;6.87;1.62
minstd_rand0;8.45;0.352289431;6.92;1.53
minstd_rand0;8.50;0.352322413;6.88;1.62
minstd_rand0;8.52;0.352319126;6.91;1.61
minstd_rand0;8.47;0.352338670;7.04;1.43
minstd_rand0;8.47;0.352066175;6.91;1.56
minstd_rand0;8.43;0.352218561;6.91;1.52
minstd_rand0;8.44;0.352164250;6.86;1.58
minstd_rand0;8.50;0.352296874;6.87;1.63
minstd_rand0;8.49;0.352177752;6.90;1.59
minstd_rand0;8.48;0.352197479;6.87;1.61
minstd_rand0;8.51;0.352276507;6.86;1.65
minstd_rand0;8.44;0.352264273;6.92;1.52
minstd_rand0;8.47;0.352295553;6.90;1.57
minstd_rand0;8.54;0.352506426;6.88;1.66
minstd_rand0;8.48;0.352223778;6.90;1.58
minstd_rand0;8.47;0.352412267;6.91;1.56
minstd_rand0;8.47;0.352313265;6.93;1.54
minstd_rand0;8.44;0.352329724;6.88;1.56
minstd_rand;8.50;0.351727622;6.91;1.59
minstd_rand;8.43;0.351916444;6.89;1.54
minstd_rand;8.43;0.351847824;6.87;1.56
minstd_rand;8.66;0.351965902;6.87;1.79
minstd_rand;8.46;0.351847275;6.91;1.55
minstd_rand;8.46;0.351936041;6.88;1.58
minstd_rand;8.49;0.352298487;6.93;1.56
minstd_rand;8.43;0.351823214;6.87;1.56
minstd_rand;8.46;0.351794032;6.91;1.55
minstd_rand;8.46;0.351922180;6.88;1.58
minstd_rand;8.49;0.352117870;6.88;1.61
minstd_rand;8.52;0.351589491;6.91;1.61
minstd_rand;8.44;0.351587552;7.05;1.39
minstd_rand;8.48;0.351980598;6.89;1.59
minstd_rand;8.40;0.351955828;6.91;1.49
minstd_rand;8.47;0.351847413;6.84;1.63
minstd_rand;8.46;0.352151944;6.90;1.56
minstd_rand;8.39;0.352152825;6.89;1.50
minstd_rand;8.47;0.351755383;6.88;1.59
minstd_rand;8.50;0.351987755;6.90;1.60
minstd_rand;8.46;0.351842306;7.01;1.45
minstd_rand;8.48;0.351757458;6.93;1.55
minstd_rand;8.51;0.352020425;6.92;1.59
minstd_rand;8.45;0.351948520;6.87;1.58
minstd_rand;8.47;0.351900834;6.87;1.60
minstd_rand;8.44;0.351800022;6.86;1.58
minstd_rand;8.45;0.351975343;6.87;1.58
minstd_rand;8.53;0.351838167;6.91;1.62
minstd_rand;8.43;0.351894616;6.91;1.52
minstd_rand;8.48;0.351859484;6.90;1.58
minstd_rand;8.72;0.352818888;6.90;1.82
minstd_rand;8.41;0.352080390;6.90;1.51
minstd_rand;8.46;0.351973681;6.90;1.56
minstd_rand;8.40;0.352068963;6.94;1.46
minstd_rand;8.52;0.351879265;6.88;1.64
minstd_rand;8.47;0.352127217;6.89;1.58
minstd_rand;8.47;0.351999333;6.91;1.56
minstd_rand;8.49;0.352064857;6.90;1.59
minstd_rand;8.64;0.352010870;6.86;1.78
minstd_rand;8.43;0.351976507;6.97;1.46
minstd_rand;8.48;0.352022623;6.88;1.60
minstd_rand;8.44;0.351978560;6.91;1.53
minstd_rand;8.45;0.352092142;6.89;1.56
minstd_rand;8.47;0.351902989;6.88;1.59
minstd_rand;8.46;0.352026951;6.90;1.56
minstd_rand;8.46;0.352167413;6.90;1.56
minstd_rand;8.47;0.352038811;6.87;1.60
minstd_rand;8.44;0.351869196;7.04;1.40
minstd_rand;8.48;0.351961304;6.89;1.59
minstd_rand;8.59;0.351824736;6.86;1.73
minstd_rand;8.44;0.351865960;6.84;1.60
minstd_rand;8.50;0.351808178;6.91;1.59
minstd_rand;8.41;0.352001332;6.90;1.51
minstd_rand;8.46;0.351970374;6.86;1.60
minstd_rand;8.48;0.351830924;6.89;1.59
minstd_rand;8.42;0.352052584;6.93;1.49
minstd_rand;8.49;0.351781743;6.92;1.57
minstd_rand;8.65;0.352043483;6.89;1.76
minstd_rand;8.44;0.351922897;6.88;1.56
minstd_rand;8.48;0.351704576;6.87;1.61
minstd_rand;8.43;0.352157198;6.92;1.51
minstd_rand;8.49;0.352062124;6.84;1.65
minstd_rand;8.46;0.352041908;6.86;1.60
minstd_rand;8.37;0.352049474;6.86;1.51
minstd_rand;8.45;0.351892539;6.86;1.59
minstd_rand;8.65;0.351904402;6.89;1.76
minstd_rand;8.39;0.351770335;6.99;1.40
minstd_rand;8.45;0.352055293;6.89;1.56
minstd_rand;8.45;0.352087784;6.91;1.54
minstd_rand;8.51;0.351850736;6.87;1.64
minstd_rand;8.45;0.352009047;6.88;1.57
minstd_rand;8.43;0.351933415;6.89;1.54
minstd_rand;8.45;0.352116799;6.84;1.61
minstd_rand;8.60;0.351884075;6.92;1.68
minstd_rand;8.49;0.351944480;7.07;1.42
minstd_rand;8.50;0.351893556;6.89;1.61
minstd_rand;8.46;0.351867452;6.87;1.59
minstd_rand;8.45;0.351978952;6.83;1.62
minstd_rand;8.50;0.352022721;6.89;1.61
minstd_rand;8.42;0.351931894;6.89;1.53
minstd_rand;8.46;0.352137076;6.86;1.60
minstd_rand;8.49;0.351999335;6.93;1.56
minstd_rand;8.46;0.352069387;6.96;1.50
minstd_rand;8.53;0.352120295;6.95;1.58
minstd_rand;8.63;0.352021891;6.92;1.71
minstd_rand;8.46;0.352090169;6.86;1.60
minstd_rand;8.51;0.351954852;6.90;1.61
minstd_rand;8.43;0.351672278;6.91;1.52
minstd_rand;8.53;0.352009903;6.88;1.65
minstd_rand;8.48;0.351901717;6.87;1.61
minstd_rand;8.43;0.352102892;6.86;1.57
minstd_rand;8.45;0.351978049;6.88;1.57
minstd_rand;8.70;0.352038875;6.92;1.78
minstd_rand;8.50;0.352203350;7.03;1.47
minstd_rand;8.50;0.351980484;6.91;1.59
minstd_rand;8.46;0.351834813;6.93;1.53
minstd_rand;8.46;0.351964664;6.88;1.58
minstd_rand;8.48;0.351991106;6.94;1.54
minstd_rand;8.45;0.352041153;6.93;1.52
minstd_rand;8.51;0.352108414;6.91;1.60
mt19937;6.84;0.230070976;4.52;2.32
mt19937;6.67;0.229977593;4.54;2.13
mt19937;6.75;0.230081897;4.53;2.22
mt19937;6.71;0.230108093;4.54;2.17
mt19937;6.69;0.230094309;4.56;2.13
mt19937;6.68;0.230097955;4.60;2.08
mt19937;6.78;0.230122789;4.54;2.24
mt19937;6.66;0.231020679;4.58;2.08
mt19937;6.73;0.230089300;4.59;2.14
mt19937;6.62;0.229765967;4.53;2.09
mt19937;6.63;0.230902221;4.57;2.06
mt19937;6.90;0.230858233;4.55;2.35
mt19937;6.74;0.230088045;4.54;2.20
mt19937;6.69;0.230878734;4.56;2.13
mt19937;6.73;0.230039606;4.54;2.19
mt19937;6.67;0.230873251;4.55;2.12
mt19937;6.72;0.229990292;4.66;2.06
mt19937;6.69;0.230143057;4.57;2.12
mt19937;6.67;0.230092962;4.53;2.14
mt19937;6.65;0.229797054;4.56;2.09
mt19937;6.70;0.230727111;4.55;2.15
mt19937;6.67;0.230193429;4.63;2.04
mt19937;6.57;0.229909753;4.57;2.00
mt19937;6.64;0.229894278;4.54;2.10
mt19937;6.65;0.229721303;4.52;2.13
mt19937;6.73;0.229970544;4.55;2.18
mt19937;6.65;0.230759562;4.54;2.11
mt19937;6.66;0.230750925;4.57;2.09
mt19937;6.52;0.229876863;4.65;1.87
mt19937;6.71;0.230834758;4.57;2.14
mt19937;6.66;0.230750325;4.57;2.09
mt19937;6.71;0.230079023;4.55;2.16
mt19937;6.49;0.229946590;4.55;1.94
mt19937;6.62;0.229922398;4.52;2.10
mt19937;6.72;0.229930763;4.56;2.16
mt19937;6.73;0.230729361;4.56;2.17
mt19937;6.68;0.230047078;4.57;2.11
mt19937;6.74;0.230060553;4.54;2.20
mt19937;6.68;0.230899416;4.56;2.12
mt19937;6.67;0.230812128;4.65;2.02
mt19937;6.73;0.230092366;4.59;2.14
mt19937;6.63;0.230844746;4.58;2.05
mt19937;6.51;0.229896605;4.53;1.98
mt19937;6.67;0.230734525;4.55;2.12
mt19937;6.63;0.230711414;4.55;2.08
mt19937;6.63;0.229719520;4.50;2.13
mt19937;6.90;0.230755144;4.54;2.36
mt19937;6.63;0.229692302;4.50;2.13
mt19937;6.65;0.230798824;4.55;2.10
mt19937;6.68;0.230092597;4.55;2.13
mt19937;6.60;0.229707643;4.51;2.09
mt19937;6.62;0.229794721;4.69;1.93
mt19937;6.49;0.229915536;4.51;1.98
mt19937;6.60;0.229814672;4.51;2.09
mt19937;6.60;0.229811632;4.53;2.07
mt19937;6.67;0.230014292;4.50;2.17
mt19937;6.71;0.230159514;4.58;2.13
mt19937;6.93;0.230142504;4.53;2.40
mt19937;6.62;0.229722670;4.50;2.12
mt19937;6.62;0.229807108;4.50;2.12
mt19937;6.60;0.229741235;4.51;2.09
mt19937;6.63;0.229739617;4.49;2.14
mt19937;6.61;0.229700274;4.64;1.97
mt19937;6.66;0.230782712;4.54;2.12
mt19937;6.67;0.229998216;4.53;2.14
mt19937;6.51;0.229866750;4.52;1.99
mt19937;6.70;0.229928670;4.52;2.18
mt19937;6.66;0.230060998;4.54;2.12
mt19937;6.63;0.229824090;4.50;2.13
mt19937;6.78;0.230026523;4.52;2.26
mt19937;6.71;0.229971090;4.53;2.18
mt19937;6.65;0.230796974;4.55;2.10
mt19937;6.62;0.229773378;4.57;2.05
mt19937;6.69;0.230732050;4.57;2.12
mt19937;6.62;0.229761713;4.59;2.03
mt19937;6.69;0.229997870;4.58;2.11
mt19937;6.69;0.230040325;4.54;2.15
mt19937;6.59;0.229692118;4.53;2.06
mt19937;6.66;0.230730178;4.54;2.12
mt19937;6.60;0.229665377;4.50;2.10
mt19937;6.74;0.229954638;4.54;2.20
mt19937;6.52;0.229866485;4.52;2.00
mt19937;6.63;0.229794752;4.54;2.09
mt19937;6.69;0.229988633;4.53;2.16
mt19937;6.64;0.229867777;4.50;2.14
mt19937;6.66;0.230036111;4.68;1.98
mt19937;6.64;0.230872938;4.56;2.08
mt19937;6.68;0.230105991;4.55;2.13
mt19937;6.70;0.230748050;4.54;2.16
mt19937;6.60;0.229585950;4.53;2.07
mt19937;6.69;0.230002613;4.50;2.19
mt19937;6.57;0.229779959;4.53;2.04
mt19937;6.74;0.230066508;4.52;2.22
mt19937;6.73;0.230052459;4.55;2.18
mt19937;6.67;0.229889898;4.54;2.13
mt19937;6.72;0.229996768;4.50;2.22
mt19937;6.72;0.230025535;4.56;2.16
mt19937;6.50;0.229892765;4.62;1.88
mt19937;6.59;0.229793809;4.53;2.06
mt19937;6.68;0.230846884;4.57;2.11
mt19937_64;5.99;0.200546942;3.96;2.03
mt19937_64;5.94;0.199683972;3.94;2.00
mt19937_64;5.94;0.199952151;3.92;2.02
mt19937_64;5.94;0.200738158;3.97;1.97
mt19937_64;6.01;0.200513733;3.96;2.05
mt19937_64;5.99;0.200655944;3.96;2.03
mt19937_64;5.98;0.200145671;4.58;1.40
mt19937_64;6.00;0.200435487;3.93;2.07
mt19937_64;5.98;0.200722801;3.97;2.01
mt19937_64;5.90;0.200509589;3.96;1.94
mt19937_64;6.01;0.200774558;3.96;2.05
mt19937_64;6.00;0.200744763;3.95;2.05
mt19937_64;5.96;0.200611161;3.96;2.00
mt19937_64;5.96;0.200781056;4.01;1.95
mt19937_64;5.96;0.200305591;3.96;2.00
mt19937_64;5.99;0.200493883;3.94;2.05
mt19937_64;6.01;0.201038878;3.96;2.05
mt19937_64;5.92;0.200491077;3.91;2.01
mt19937_64;5.97;0.200301223;3.92;2.05
mt19937_64;5.97;0.201502886;3.98;1.99
mt19937_64;6.02;0.200602396;3.97;2.05
mt19937_64;5.91;0.201218575;3.97;1.94
mt19937_64;5.98;0.200848304;3.99;1.99
mt19937_64;5.87;0.199951109;3.95;1.92
mt19937_64;5.90;0.199659124;3.94;1.96
mt19937_64;6.04;0.200468791;3.98;2.06
mt19937_64;5.89;0.199751511;3.96;1.93
mt19937_64;6.04;0.200884556;3.99;2.05
mt19937_64;5.96;0.201394348;3.97;1.99
mt19937_64;5.95;0.200522788;3.97;1.98
mt19937_64;5.96;0.201202614;3.97;1.99
mt19937_64;5.88;0.199611465;3.93;1.95
mt19937_64;5.97;0.201353227;3.97;2.00
mt19937_64;5.95;0.200938343;3.94;2.01
mt19937_64;5.90;0.200278187;3.96;1.94
mt19937_64;5.94;0.200161271;3.94;2.00
mt19937_64;5.86;0.200477181;3.94;1.92
mt19937_64;5.89;0.200186203;3.94;1.95
mt19937_64;5.96;0.201138288;3.92;2.04
mt19937_64;5.94;0.200021550;4.00;1.94
mt19937_64;5.88;0.200308094;3.93;1.95
mt19937_64;5.91;0.200306738;3.95;1.96
mt19937_64;6.02;0.200939224;3.95;2.07
mt19937_64;5.88;0.200337088;3.89;1.99
mt19937_64;6.00;0.200925522;3.94;2.06
mt19937_64;5.90;0.200252572;3.96;1.94
mt19937_64;5.92;0.200685021;3.95;1.97
mt19937_64;5.94;0.200826103;3.95;1.99
mt19937_64;5.97;0.200102302;3.92;2.05
mt19937_64;5.94;0.200234549;3.97;1.97
mt19937_64;5.95;0.199777159;3.92;2.03
mt19937_64;5.85;0.200216834;3.91;1.94
mt19937_64;6.01;0.200918736;3.98;2.03
mt19937_64;5.93;0.200221544;3.91;2.02
mt19937_64;5.89;0.200455410;4.04;1.85
mt19937_64;5.94;0.200926059;3.98;1.96
mt19937_64;5.93;0.201554332;3.97;1.96
mt19937_64;6.09;0.201156890;3.96;2.13
mt19937_64;5.99;0.200824492;3.96;2.03
mt19937_64;5.97;0.200899664;4.04;1.93
mt19937_64;5.98;0.200842223;3.97;2.01
mt19937_64;6.01;0.201100515;3.96;2.05
mt19937_64;6.06;0.199608640;3.95;2.11
mt19937_64;5.94;0.200842632;3.95;1.99
mt19937_64;5.88;0.199935590;4.08;1.80
mt19937_64;5.89;0.200501600;3.97;1.92
mt19937_64;5.89;0.200114592;3.96;1.93
mt19937_64;6.13;0.200261108;3.94;2.19
mt19937_64;5.96;0.199817610;3.95;2.01
mt19937_64;5.88;0.199995778;4.02;1.86
mt19937_64;5.91;0.199612965;3.93;1.98
mt19937_64;5.97;0.200292797;3.97;2.00
mt19937_64;6.15;0.200141574;3.96;2.19
mt19937_64;6.01;0.201050322;3.95;2.06
mt19937_64;5.95;0.200780967;4.13;1.82
mt19937_64;5.98;0.200807989;3.97;2.01
mt19937_64;5.97;0.200898346;3.96;2.01
mt19937_64;6.19;0.201068511;3.95;2.24
mt19937_64;5.96;0.200209643;3.92;2.04
mt19937_64;5.93;0.199695706;4.06;1.87
mt19937_64;6.01;0.200511326;3.98;2.03
mt19937_64;5.94;0.200881696;3.97;1.97
mt19937_64;6.17;0.200610330;3.97;2.20
mt19937_64;6.00;0.201321316;3.98;2.02
mt19937_64;5.99;0.200637100;4.14;1.85
mt19937_64;5.98;0.200937210;3.95;2.03
mt19937_64;5.95;0.201121896;3.97;1.98
mt19937_64;6.13;0.200945143;3.95;2.18
mt19937_64;5.91;0.199712623;3.95;1.96
mt19937_64;5.97;0.200868958;4.10;1.87
mt19937_64;6.03;0.201231402;4.00;2.03
mt19937_64;6.02;0.200675186;3.97;2.05
mt19937_64;6.01;0.199656858;3.93;2.08
mt19937_64;6.02;0.201199090;3.99;2.03
mt19937_64;5.97;0.199723437;4.07;1.90
mt19937_64;5.98;0.200708464;3.95;2.03
mt19937_64;5.95;0.201368446;3.99;1.96
mt19937_64;6.08;0.200803186;3.97;2.11
mt19937_64;6.02;0.201115261;3.97;2.05
mt19937_64;5.94;0.199814687;4.01;1.93
mt11213b;4.08;0.137352341;2.71;1.37
mt11213b;4.21;0.137213552;2.68;1.53
mt11213b;4.03;0.137151156;2.73;1.30
mt11213b;3.99;0.137316995;2.69;1.30
mt11213b;4.01;0.137183100;2.80;1.21
mt11213b;4.07;0.137467696;2.72;1.35
mt11213b;4.05;0.137310899;2.70;1.35
mt11213b;4.05;0.137409211;2.71;1.34
mt11213b;4.21;0.137373040;2.72;1.49
mt11213b;4.03;0.137250310;2.72;1.31
mt11213b;4.02;0.137294951;2.72;1.30
mt11213b;4.07;0.137366967;2.76;1.31
mt11213b;3.99;0.137179869;2.72;1.27
mt11213b;4.12;0.137428152;2.75;1.37
mt11213b;4.04;0.137319610;2.69;1.35
mt11213b;4.06;0.137184047;2.69;1.37
mt11213b;4.05;0.137349891;2.72;1.33
mt11213b;4.14;0.137331592;2.73;1.41
mt11213b;4.05;0.137319673;2.73;1.32
mt11213b;4.00;0.137392300;2.73;1.27
mt11213b;4.01;0.137205677;2.86;1.15
mt11213b;4.06;0.137442740;2.73;1.33
mt11213b;4.08;0.137254077;2.71;1.37
mt11213b;4.02;0.137261601;2.72;1.30
mt11213b;4.24;0.137245140;2.73;1.51
mt11213b;4.00;0.137259788;2.74;1.26
mt11213b;3.98;0.137329558;2.73;1.25
mt11213b;4.01;0.137275856;2.79;1.22
mt11213b;4.09;0.137435105;2.72;1.37
mt11213b;4.02;0.137208231;2.68;1.34
mt11213b;4.03;0.137150123;2.73;1.30
mt11213b;4.12;0.137268118;2.72;1.40
mt11213b;4.06;0.137342669;2.72;1.34
mt11213b;4.02;0.137332246;2.71;1.31
mt11213b;4.06;0.137239330;2.73;1.33
mt11213b;4.07;0.137424893;2.73;1.34
mt11213b;4.03;0.137237567;2.75;1.28
mt11213b;4.00;0.137256874;2.71;1.29
mt11213b;4.02;0.137275997;2.71;1.31
mt11213b;4.01;0.137256449;2.74;1.27
mt11213b;4.17;0.137326899;2.69;1.48
mt11213b;4.06;0.137367205;2.74;1.32
mt11213b;4.01;0.137127481;2.72;1.29
mt11213b;4.06;0.137432238;2.88;1.18
mt11213b;4.06;0.137342164;2.72;1.34
mt11213b;4.12;0.137452009;2.72;1.40
mt11213b;4.06;0.137277862;2.74;1.32
mt11213b;4.20;0.137235179;2.73;1.47
mt11213b;4.02;0.137133703;2.73;1.29
mt11213b;4.05;0.137356933;2.72;1.33
mt11213b;4.00;0.137325313;2.73;1.27
mt11213b;4.06;0.137251883;2.72;1.34
mt11213b;4.05;0.137469396;2.74;1.31
mt11213b;4.07;0.137385954;2.72;1.35
mt11213b;4.04;0.137276151;2.70;1.34
mt11213b;4.06;0.137338480;2.69;1.37
mt11213b;4.10;0.137459119;2.72;1.38
mt11213b;4.01;0.137341850;2.70;1.31
mt11213b;4.01;0.137161248;2.70;1.31
mt11213b;4.01;0.137295212;2.83;1.18
mt11213b;4.02;0.137079262;2.68;1.34
mt11213b;4.07;0.137310764;2.71;1.36
mt11213b;4.06;0.137441671;2.72;1.34
mt11213b;4.15;0.137259107;2.70;1.45
mt11213b;4.02;0.137159602;2.74;1.28
mt11213b;3.98;0.137086503;2.72;1.26
mt11213b;4.05;0.137246292;2.80;1.25
mt11213b;4.06;0.137442784;2.74;1.32
mt11213b;4.02;0.137094290;2.70;1.32
mt11213b;4.05;0.137280836;2.73;1.32
mt11213b;4.20;0.137471222;2.72;1.48
mt11213b;4.02;0.137331982;2.74;1.28
mt11213b;4.00;0.137181912;2.70;1.30
mt11213b;4.05;0.137353354;2.72;1.33
mt11213b;4.04;0.137319125;2.73;1.31
mt11213b;4.09;0.137380864;2.75;1.34
mt11213b;4.05;0.137220492;2.72;1.33
mt11213b;4.03;0.137292759;2.71;1.32
mt11213b;4.02;0.137160102;2.69;1.33
mt11213b;4.12;0.137202886;2.72;1.40
mt11213b;4.05;0.137348036;2.74;1.31
mt11213b;4.00;0.137282270;2.73;1.27
mt11213b;4.05;0.137424836;2.87;1.18
mt11213b;4.07;0.137334137;2.74;1.33
mt11213b;4.06;0.137398286;2.72;1.34
mt11213b;4.02;0.137290335;2.69;1.33
mt11213b;4.22;0.137330752;2.72;1.50
mt11213b;4.02;0.137259297;2.70;1.32
mt11213b;4.06;0.137325569;2.73;1.33
mt11213b;4.03;0.137242797;2.74;1.29
mt11213b;4.07;0.137387641;2.72;1.35
mt11213b;4.06;0.137376396;2.71;1.35
mt11213b;4.04;0.137286578;2.73;1.31
mt11213b;4.23;0.137308018;2.73;1.50
mt11213b;4.04;0.137165951;2.73;1.31
mt11213b;4.05;0.137141821;2.70;1.35
mt11213b;4.02;0.137141206;2.72;1.30
mt11213b;4.01;0.137123894;2.71;1.30
mt11213b;4.03;0.137305483;2.81;1.22
mt11213b;4.02;0.137152419;2.69;1.33
rand;38.48;1.505741904;29.35;9.13
rand;38.91;1.508237238;29.48;9.43
rand;39.01;1.508111817;29.48;9.53
rand;39.33;1.521111972;29.84;9.49
rand;38.86;1.508261379;29.51;9.35
rand;38.55;1.507527202;29.38;9.17
rand;38.20;1.505649574;29.42;8.78
rand;38.09;1.505819620;29.36;8.73
rand;38.82;1.508127598;29.50;9.32
rand;38.49;1.506893766;29.54;8.95
rand;39.05;1.508289080;29.54;9.51
rand;38.91;1.507917237;29.48;9.43
rand;38.51;1.507714906;29.46;9.05
rand;38.79;1.508220462;29.71;9.08
rand;38.42;1.507281045;29.51;8.91
rand;38.53;1.506969265;29.42;9.11
rand;38.86;1.508437025;29.42;9.44
rand;39.15;1.508361857;29.60;9.55
rand;38.09;1.505730013;29.45;8.64
rand;38.86;1.508369638;29.48;9.38
rand;38.90;1.508216843;29.45;9.45
rand;38.18;1.505820183;29.45;8.73
rand;38.84;1.508242649;29.51;9.33
rand;38.83;1.508375812;29.44;9.39
rand;38.19;1.505747433;29.46;8.73
rand;38.80;1.508121117;29.54;9.26
rand;38.91;1.508201818;29.51;9.40
rand;37.87;1.506633409;29.41;8.46
rand;38.88;1.508341135;29.51;9.37
rand;38.96;1.508212678;29.58;9.38
rand;38.10;1.505829319;29.55;8.55
rand;38.77;1.507724005;29.43;9.34
rand;38.96;1.508223318;29.53;9.43
rand;38.82;1.507626943;29.52;9.30
rand;38.24;1.505593965;29.47;8.77
rand;38.82;1.507663968;29.55;9.27
rand;38.10;1.505928741;29.45;8.65
rand;38.08;1.505804602;29.66;8.42
rand;38.10;1.505620494;29.48;8.62
rand;38.02;1.505504651;29.46;8.56
rand;38.48;1.506880407;29.38;9.10
rand;38.05;1.506751720;29.43;8.62
rand;38.02;1.505578669;29.45;8.57
rand;38.78;1.507558576;29.53;9.25
rand;38.81;1.506856566;29.50;9.31
rand;38.83;1.508252813;29.56;9.27
rand;38.82;1.508225192;29.65;9.17
rand;38.08;1.505597024;29.50;8.58
rand;38.14;1.505703924;29.41;8.73
rand;38.12;1.506046851;29.41;8.71
rand;38.02;1.505639914;29.45;8.57
rand;39.08;1.508278433;29.50;9.58
rand;38.82;1.508228737;29.54;9.28
rand;38.79;1.508377742;29.54;9.25
rand;38.95;1.508325378;29.66;9.29
rand;38.69;1.507679139;29.63;9.06
rand;38.70;1.507748862;29.48;9.22
rand;38.88;1.507655505;29.44;9.44
rand;39.02;1.507975164;29.49;9.53
rand;38.80;1.508165683;29.57;9.23
rand;38.31;1.507064177;29.56;8.75
rand;38.51;1.507184041;29.58;8.93
rand;38.93;1.507833186;29.51;9.42
rand;38.87;1.508195970;29.58;9.29
rand;38.89;1.508221098;29.61;9.28
rand;36.03;1.363856934;26.72;9.31
rand;37.94;1.505745532;29.47;8.47
rand;38.01;1.505779644;29.42;8.59
rand;38.07;1.505623645;29.52;8.55
rand;38.77;1.508185999;29.46;9.31
rand;38.17;1.505710495;29.52;8.65
rand;38.47;1.506717567;29.55;8.92
rand;38.77;1.508243211;29.53;9.24
rand;38.84;1.508388025;29.53;9.31
rand;38.87;1.508283460;29.45;9.42
rand;38.95;1.508255498;29.62;9.33
rand;38.02;1.506567259;29.55;8.47
rand;38.91;1.508345889;29.53;9.38
rand;38.84;1.508154399;29.61;9.23
rand;38.91;1.508156742;29.57;9.34
rand;38.98;1.507754621;29.44;9.54
rand;38.03;1.505822455;29.53;8.50
rand;38.66;1.507608520;29.49;9.17
rand;38.75;1.508343932;29.45;9.30
rand;38.30;1.507103607;29.51;8.79
rand;38.63;1.507447248;29.55;9.08
rand;38.92;1.508131357;29.47;9.45
rand;38.86;1.507790878;29.40;9.46
rand;37.74;1.506597594;29.44;8.30
rand;37.92;1.506780985;29.46;8.46
rand;37.78;1.506593906;29.46;8.32
rand;38.82;1.508138220;29.48;9.34
rand;38.87;1.507685785;29.44;9.43
rand;38.86;1.507710452;29.46;9.40
rand;38.92;1.508373969;29.49;9.43
rand;38.86;1.508290323;29.53;9.33
rand;38.94;1.508017193;29.42;9.52
rand;38.86;1.508146966;29.49;9.37
rand;38.07;1.505735546;29.47;8.60
rand;37.86;1.506733869;29.47;8.39
ranlux24_base;12.62;0.478666531;9.30;3.32
ranlux24_base;12.71;0.473304458;9.39;3.32
ranlux24_base;12.59;0.469568673;9.18;3.41
ranlux24_base;12.68;0.471246987;9.21;3.47
ranlux24_base;12.53;0.469394318;9.13;3.40
ranlux24_base;12.52;0.467939838;9.11;3.41
ranlux24_base;12.63;0.470353593;9.31;3.32
ranlux24_base;12.35;0.471475654;9.18;3.17
ranlux24_base;12.55;0.468812033;9.14;3.41
ranlux24_base;12.37;0.470826866;9.18;3.19
ranlux24_base;12.57;0.470010170;9.24;3.33
ranlux24_base;12.57;0.468444133;9.17;3.40
ranlux24_base;13.03;0.474136330;9.29;3.74
ranlux24_base;12.55;0.468996802;9.16;3.39
ranlux24_base;12.73;0.469700195;9.19;3.54
ranlux24_base;12.67;0.474011067;9.31;3.36
ranlux24_base;12.65;0.473395772;9.26;3.39
ranlux24_base;12.51;0.468397973;9.30;3.21
ranlux24_base;12.61;0.470805111;9.23;3.38
ranlux24_base;12.47;0.467973314;9.16;3.31
ranlux24_base;12.56;0.469436174;9.20;3.36
ranlux24_base;12.67;0.470024243;9.20;3.47
ranlux24_base;12.62;0.468866352;9.21;3.41
ranlux24_base;12.83;0.470808823;9.22;3.61
ranlux24_base;12.54;0.468292460;9.18;3.36
ranlux24_base;12.57;0.468914670;9.19;3.38
ranlux24_base;12.65;0.470666767;9.23;3.42
ranlux24_base;12.38;0.471271697;9.18;3.20
ranlux24_base;12.69;0.468569376;9.20;3.49
ranlux24_base;12.62;0.469132135;9.18;3.44
ranlux24_base;12.55;0.468912638;9.17;3.38
ranlux24_base;12.40;0.471727255;9.23;3.17
ranlux24_base;12.57;0.469831212;9.18;3.39
ranlux24_base;12.64;0.471242851;9.38;3.26
ranlux24_base;12.76;0.470290150;9.22;3.54
ranlux24_base;12.61;0.468428868;9.20;3.41
ranlux24_base;12.75;0.473897490;9.35;3.40
ranlux24_base;12.87;0.472541414;9.27;3.60
ranlux24_base;12.61;0.470574691;9.19;3.42
ranlux24_base;12.76;0.468937114;9.17;3.59
ranlux24_base;12.55;0.467339029;9.17;3.38
ranlux24_base;12.65;0.470167328;9.26;3.39
ranlux24_base;12.66;0.470622441;9.22;3.44
ranlux24_base;12.60;0.471199574;9.19;3.41
ranlux24_base;12.93;0.475734047;9.44;3.49
ranlux24_base;12.65;0.469432989;9.20;3.45
ranlux24_base;12.69;0.472749645;9.23;3.46
ranlux24_base;12.58;0.469018437;9.28;3.30
ranlux24_base;12.72;0.473015929;9.24;3.48
ranlux24_base;12.57;0.469438069;9.19;3.38
ranlux24_base;12.60;0.471699531;9.17;3.43
ranlux24_base;12.74;0.472341961;9.27;3.47
ranlux24_base;12.63;0.471295782;11.34;1.29
ranlux24_base;12.85;0.469172023;9.40;3.45
ranlux24_base;14.33;0.470049501;9.38;4.95
ranlux24_base;15.29;0.473681280;9.42;5.87
ranlux24_base;12.85;0.468904004;9.34;3.51
ranlux24_base;12.66;0.468057020;9.15;3.51
ranlux24_base;12.96;0.471322306;9.59;3.37
ranlux24_base;12.68;0.469392965;9.70;2.98
ranlux24_base;12.65;0.468904523;9.22;3.43
ranlux24_base;12.67;0.472914479;9.24;3.43
ranlux24_base;12.62;0.470443084;9.20;3.42
ranlux24_base;12.54;0.468178112;9.22;3.32
ranlux24_base;12.82;0.477211883;9.37;3.45
ranlux24_base;12.58;0.468848136;9.17;3.41
ranlux24_base;12.65;0.468715130;9.26;3.39
ranlux24_base;12.64;0.467581632;9.15;3.49
ranlux24_base;12.59;0.469898409;9.24;3.35
ranlux24_base;12.63;0.467173171;9.15;3.48
ranlux24_base;12.81;0.476191525;9.32;3.49
ranlux24_base;12.46;0.473393875;9.31;3.15
ranlux24_base;12.66;0.469109746;9.15;3.51
ranlux24_base;12.62;0.470991780;9.23;3.39
ranlux24_base;12.88;0.477601040;9.36;3.52
ranlux24_base;12.40;0.470989326;9.20;3.20
ranlux24_base;12.37;0.470396066;9.24;3.13
ranlux24_base;12.79;0.475288958;9.35;3.44
ranlux24_base;12.77;0.468453957;9.20;3.57
ranlux24_base;12.78;0.470686459;9.23;3.55
ranlux24_base;12.83;0.477314055;9.37;3.46
ranlux24_base;12.71;0.469644164;9.24;3.47
ranlux24_base;12.68;0.471407792;9.25;3.43
ranlux24_base;12.84;0.470083494;9.23;3.61
ranlux24_base;12.71;0.467144908;9.12;3.59
ranlux24_base;12.77;0.469843671;9.21;3.56
ranlux24_base;12.31;0.468998068;9.16;3.15
ranlux24_base;12.69;0.470587075;9.19;3.50
ranlux24_base;12.76;0.467942266;9.27;3.49
ranlux24_base;12.68;0.470490699;9.26;3.42
ranlux24_base;12.36;0.469377486;9.18;3.18
ranlux24_base;12.70;0.470027682;9.24;3.46
ranlux24_base;12.54;0.467351934;9.18;3.36
ranlux24_base;12.67;0.470863834;9.34;3.33
ranlux24_base;12.36;0.470717699;9.22;3.14
ranlux24_base;12.80;0.470275304;9.30;3.50
ranlux24_base;12.63;0.467276985;9.16;3.47
ranlux24_base;12.81;0.469254021;9.25;3.56
ranlux24_base;12.38;0.469982693;9.23;3.15
ranlux24_base;13.00;0.470978981;9.28;3.72
ranlux48_base;10.22;0.376197830;7.38;2.84
ranlux48_base;10.14;0.376267099;7.42;2.72
ranlux48_base;10.26;0.375892300;7.42;2.84
ranlux48_base;10.43;0.376510443;7.45;2.98
ranlux48_base;10.29;0.375955487;7.41;2.88
ranlux48_base;10.14;0.376350524;7.41;2.73
ranlux48_base;10.14;0.375775191;7.40;2.74
ranlux48_base;10.35;0.375992044;7.41;2.94
ranlux48_base;10.33;0.375773123;7.39;2.94
ranlux48_base;10.33;0.375849339;7.43;2.90
ranlux48_base;10.17;0.375892675;7.36;2.81
ranlux48_base;10.22;0.376209041;7.41;2.81
ranlux48_base;10.59;0.376497942;7.48;3.11
ranlux48_base;10.13;0.376115502;7.43;2.70
ranlux48_base;10.20;0.376160945;7.43;2.77
ranlux48_base;10.24;0.376138335;7.41;2.83
ranlux48_base;10.17;0.376148228;7.42;2.75
ranlux48_base;10.22;0.376183338;7.42;2.80
ranlux48_base;10.20;0.375909408;7.39;2.81
ranlux48_base;10.14;0.376215493;7.35;2.79
ranlux48_base;10.65;0.376658024;7.40;3.25
ranlux48_base;10.25;0.376202028;7.38;2.87
ranlux48_base;10.22;0.376064721;7.39;2.83
ranlux48_base;10.16;0.375745285;7.37;2.79
ranlux48_base;10.27;0.376079790;7.39;2.88
ranlux48_base;10.25;0.376220363;7.44;2.81
ranlux48_base;10.54;0.376652014;7.48;3.06
ranlux48_base;10.17;0.375971997;7.45;2.72
ranlux48_base;10.55;0.376670964;7.42;3.13
ranlux48_base;10.15;0.375902692;7.41;2.74
ranlux48_base;10.19;0.376123532;7.38;2.81
ranlux48_base;10.21;0.376130694;7.40;2.81
ranlux48_base;10.21;0.375953224;7.42;2.79
ranlux48_base;10.46;0.376240481;7.39;3.07
ranlux48_base;10.22;0.376093505;7.37;2.85
ranlux48_base;10.16;0.375839532;7.42;2.74
ranlux48_base;10.17;0.376087323;7.37;2.80
ranlux48_base;10.51;0.376616237;7.44;3.07
ranlux48_base;10.27;0.376267089;7.46;2.81
ranlux48_base;10.53;0.376597641;7.41;3.12
ranlux48_base;10.52;0.376613149;7.54;2.98
ranlux48_base;10.52;0.376526607;7.42;3.10
ranlux48_base;10.19;0.376097182;7.41;2.78
ranlux48_base;10.31;0.375877940;7.44;2.87
ranlux48_base;10.50;0.376597286;7.44;3.06
ranlux48_base;10.29;0.375987734;7.45;2.84
ranlux48_base;10.48;0.376143164;7.42;3.06
ranlux48_base;10.21;0.375915094;7.41;2.80
ranlux48_base;10.37;0.376062317;7.43;2.94
ranlux48_base;10.53;0.376560987;7.42;3.11
ranlux48_base;10.30;0.376086712;7.47;2.83
ranlux48_base;10.35;0.375882894;7.44;2.91
ranlux48_base;10.31;0.376251610;7.43;2.88
ranlux48_base;10.40;0.377730864;7.50;2.90
ranlux48_base;10.32;0.376126613;7.45;2.87
ranlux48_base;10.36;0.376356545;7.44;2.92
ranlux48_base;10.30;0.376244353;7.44;2.86
ranlux48_base;10.21;0.375731529;7.44;2.77
ranlux48_base;10.31;0.376081623;7.44;2.87
ranlux48_base;10.71;0.376781059;7.43;3.28
ranlux48_base;10.18;0.375928878;7.37;2.81
ranlux48_base;10.20;0.375937228;7.41;2.79
ranlux48_base;10.20;0.376396689;7.38;2.82
ranlux48_base;10.20;0.376195186;7.45;2.75
ranlux48_base;10.29;0.376355155;7.45;2.84
ranlux48_base;10.29;0.375981025;7.42;2.87
ranlux48_base;10.31;0.375971233;7.55;2.76
ranlux48_base;10.30;0.376191211;7.46;2.84
ranlux48_base;10.30;0.375986375;7.42;2.88
ranlux48_base;10.22;0.375934194;7.45;2.77
ranlux48_base;10.22;0.376191450;7.42;2.80
ranlux48_base;10.26;0.376046606;7.44;2.82
ranlux48_base;10.44;0.375877574;7.42;3.02
ranlux48_base;10.51;0.376587308;7.47;3.04
ranlux48_base;10.36;0.376023165;7.46;2.90
ranlux48_base;10.53;0.376441270;7.42;3.11
ranlux48_base;10.32;0.376054778;7.42;2.90
ranlux48_base;10.54;0.376334606;7.48;3.06
ranlux48_base;10.40;0.376146846;7.45;2.95
ranlux48_base;10.40;0.376195837;7.47;2.93
ranlux48_base;10.23;0.376369542;7.41;2.82
ranlux48_base;10.28;0.376187850;7.42;2.86
ranlux48_base;10.25;0.375804759;7.45;2.80
ranlux48_base;10.21;0.376248044;7.43;2.78
ranlux48_base;10.24;0.376204096;7.42;2.82
ranlux48_base;10.47;0.376039252;7.45;3.02
ranlux48_base;10.54;0.376482673;7.43;3.11
ranlux48_base;10.26;0.376001725;7.45;2.81
ranlux48_base;10.21;0.376167665;7.42;2.79
ranlux48_base;10.55;0.376517682;7.46;3.09
ranlux48_base;10.48;0.376344605;7.49;2.99
ranlux48_base;10.49;0.376665124;7.48;3.01
ranlux48_base;10.19;0.375944362;7.46;2.73
ranlux48_base;10.30;0.375950569;7.42;2.88
ranlux48_base;10.24;0.375810818;7.44;2.80
ranlux48_base;10.47;0.376344415;7.42;3.05
ranlux48_base;10.51;0.376359462;7.45;3.06
ranlux48_base;10.36;0.376114746;7.42;2.94
ranlux48_base;10.67;0.376499444;7.44;3.23
ranlux48_base;10.48;0.376301241;7.42;3.06
ranlux24;122.48;4.498629215;88.13;34.35
ranlux24;122.20;4.501331149;88.39;33.81
ranlux24;122.26;4.502607045;88.17;34.09
ranlux24;120.25;4.506163664;88.03;32.22
ranlux24;121.89;4.496324845;87.76;34.13
ranlux24;123.87;4.504869315;88.59;35.28
ranlux24;122.01;4.498568319;87.99;34.02
ranlux24;121.65;4.496702801;88.04;33.61
ranlux24;122.43;4.516988279;88.37;34.06
ranlux24;121.98;4.507368284;88.35;33.63
ranlux24;123.75;4.507980824;87.97;35.78
ranlux24;122.09;4.497659442;87.82;34.27
ranlux24;119.69;4.508847958;88.14;31.55
ranlux24;121.39;4.491399262;87.78;33.61
ranlux24;122.02;4.499887347;88.00;34.02
ranlux24;121.66;4.500287836;87.87;33.79
ranlux24;122.23;4.514735776;88.05;34.18
ranlux24;122.27;4.507073280;88.04;34.23
ranlux24;123.68;4.504154384;88.00;35.68
ranlux24;122.43;4.508825846;88.07;34.36
ranlux24;124.01;4.513504392;88.07;35.94
ranlux24;122.10;4.509242258;88.12;33.98
ranlux24;121.18;4.506746083;88.03;33.15
ranlux24;120.79;4.509152491;88.25;32.54
ranlux24;123.49;4.505491205;87.98;35.51
ranlux24;122.04;4.499776911;88.08;33.96
ranlux24;119.34;4.507912880;88.04;31.30
ranlux24;121.75;4.499027532;87.87;33.88
ranlux24;121.87;4.500963275;87.89;33.98
ranlux24;122.11;4.517730482;88.09;34.02
ranlux24;121.69;4.502768626;87.97;33.72
ranlux24;121.94;4.498572205;88.11;33.83
ranlux24;119.57;4.507652655;88.16;31.41
ranlux24;122.32;4.508351851;88.28;34.04
ranlux24;121.13;4.509065363;88.34;32.79
ranlux24;121.88;4.503165485;88.05;33.83
ranlux24;121.87;4.504003642;88.09;33.78
ranlux24;121.88;4.501148312;88.04;33.84
ranlux24;119.63;4.504173176;87.95;31.68
ranlux24;122.57;4.520797308;88.37;34.20
ranlux24;121.76;4.500509115;88.17;33.59
ranlux24;122.51;4.514097769;88.37;34.14
ranlux24;121.67;4.497138931;87.79;33.88
ranlux24;122.16;4.501578673;87.98;34.18
ranlux24;124.14;4.508621105;88.14;36.00
ranlux24;122.27;4.509251405;88.21;34.06
ranlux24;121.99;4.503093814;88.03;33.96
ranlux24;121.95;4.499658747;87.93;34.02
ranlux24;121.76;4.491994869;87.68;34.08
ranlux24;122.34;4.504645951;88.02;34.32
ranlux24;121.93;4.502367408;87.91;34.02
ranlux24;124.03;4.503084741;87.75;36.28
ranlux24;121.93;4.508063853;87.70;34.23
ranlux24;121.42;4.497176483;87.90;33.52
ranlux24;122.66;4.510472366;88.37;34.29
ranlux24;123.45;4.532934331;88.75;34.70
ranlux24;122.06;4.498778987;87.89;34.17
ranlux24;122.41;4.503449638;87.84;34.57
ranlux24;121.85;4.500897512;87.86;33.99
ranlux24;124.11;4.508001957;87.99;36.12
ranlux24;120.33;4.503603946;87.63;32.70
ranlux24;121.57;4.496534507;87.60;33.97
ranlux24;121.39;4.504175828;87.99;33.40
ranlux24;124.17;4.521477277;88.46;35.71
ranlux24;122.32;4.508506701;88.41;33.91
ranlux24;123.95;4.502984649;88.07;35.88
ranlux24;124.04;4.504475847;87.98;36.06
ranlux24;119.32;4.513089186;87.98;31.34
ranlux24;121.42;4.496350157;87.75;33.67
ranlux24;124.00;4.507544660;88.13;35.87
ranlux24;120.63;4.495486361;88.01;32.62
ranlux24;122.18;4.507549072;88.11;34.07
ranlux24;120.22;4.507526660;87.90;32.32
ranlux24;122.20;4.512667428;88.14;34.06
ranlux24;119.43;4.510584730;88.12;31.31
ranlux24;121.58;4.495300513;88.07;33.51
ranlux24;121.13;4.493962014;87.91;33.22
ranlux24;122.07;4.501876060;88.32;33.75
ranlux24;122.71;4.502451257;88.31;34.40
ranlux24;121.73;4.496480306;88.22;33.51
ranlux24;122.48;4.509000983;88.41;34.07
ranlux24;123.72;4.532611965;88.90;34.82
ranlux24;124.12;4.506721673;88.30;35.82
ranlux24;120.27;4.515590988;88.50;31.77
ranlux24;121.17;4.507039170;88.43;32.74
ranlux24;125.09;4.507729820;88.52;36.57
ranlux24;122.20;4.514719079;88.40;33.80
ranlux24;124.34;4.506605283;88.31;36.03
ranlux24;124.18;4.506165819;88.34;35.84
ranlux24;122.57;4.510398963;88.51;34.06
ranlux24;121.46;4.500765066;88.03;33.43
ranlux24;121.14;4.500335667;87.96;33.18
ranlux24;121.24;4.521730152;88.41;32.83
ranlux24;123.69;4.503512976;87.99;35.70
ranlux24;125.16;4.536408204;88.64;36.52
ranlux24;123.92;4.512228224;88.04;35.88
ranlux24;122.44;4.503938349;88.10;34.34
ranlux24;122.21;4.513014205;88.47;33.74
ranlux24;121.61;4.494242207;88.04;33.57
ranlux24;124.32;4.509513398;88.62;35.70
ranlux48;416.58;15.587433379;304.25;112.33
ranlux48;417.84;15.589285007;305.06;112.78
ranlux48;416.26;15.579866462;322.64;93.62
ranlux48;418.65;15.583807649;304.11;114.54
ranlux48;416.78;15.583295743;305.02;111.76
ranlux48;416.84;15.583251884;304.86;111.98
ranlux48;416.87;15.586635054;305.01;111.86
ranlux48;410.77;15.587993814;304.63;106.14
ranlux48;416.78;15.585511037;304.59;112.19
ranlux48;417.45;15.580328704;304.52;112.93
ranlux48;416.80;15.592969658;304.68;112.12
ranlux48;417.04;15.586792515;304.70;112.34
ranlux48;417.46;15.586334031;304.82;112.64
ranlux48;416.65;15.576720986;305.01;111.64
ranlux48;416.01;15.581794455;304.69;111.32
ranlux48;417.05;15.588529668;304.77;112.28
ranlux48;415.72;15.582343148;304.53;111.19
ranlux48;416.21;15.580769991;304.55;111.66
ranlux48;408.69;15.595653690;305.17;103.52
ranlux48;416.79;15.582935812;305.28;111.51
ranlux48;417.77;15.578208615;305.24;112.53
ranlux48;416.18;15.587147797;304.39;111.79
ranlux48;411.09;15.597787072;304.98;106.11
ranlux48;416.59;15.580701701;304.98;111.61
ranlux48;416.45;15.583687045;304.84;111.61
ranlux48;418.28;15.585261681;305.79;112.49
ranlux48;418.28;15.581287568;305.13;113.15
ranlux48;415.50;15.579193767;304.85;110.65
ranlux48;416.74;15.587291303;304.48;112.26
ranlux48;415.98;15.581730869;304.99;110.99
ranlux48;417.51;15.580855510;305.03;112.48
ranlux48;417.23;15.581071579;304.85;112.38
ranlux48;417.23;15.595392276;305.10;112.13
ranlux48;418.25;15.600694292;305.72;112.53
ranlux48;415.86;15.584117049;304.44;111.42
ranlux48;415.99;15.578205812;304.44;111.55
ranlux48;417.83;15.607822901;305.54;112.29
ranlux48;409.07;15.601343819;305.68;103.39
ranlux48;411.36;15.598985915;305.14;106.22
ranlux48;416.29;15.576636601;304.83;111.46
ranlux48;416.66;15.581264427;304.99;111.67
ranlux48;417.36;15.580075835;304.24;113.12
ranlux48;416.34;15.578742458;304.90;111.44
ranlux48;415.46;15.578715081;304.13;111.33
ranlux48;415.77;15.580882883;304.77;111.00
ranlux48;416.52;15.578911975;304.64;111.88
ranlux48;415.92;15.578047941;303.95;111.97
ranlux48;414.63;15.583796166;304.75;109.88
ranlux48;416.00;15.580532115;304.03;111.97
ranlux48;421.79;15.638878188;306.05;115.74
ranlux48;415.53;15.581330491;304.69;110.84
ranlux48;415.75;15.580283235;303.79;111.96
ranlux48;414.67;15.580925775;304.28;110.39
ranlux48;414.84;15.583328341;304.01;110.83
ranlux48;417.45;15.601716932;304.95;112.50
ranlux48;415.50;15.579681742;304.23;111.27
ranlux48;415.73;15.578618419;304.65;111.08
ranlux48;416.33;15.578473396;305.13;111.20
ranlux48;411.19;15.602023467;304.89;106.30
ranlux48;416.05;15.578159701;304.82;111.23
ranlux48;416.88;15.575404772;305.88;111.00
ranlux48;417.68;15.575935769;305.27;112.41
ranlux48;415.62;15.579822106;304.83;110.79
ranlux48;415.26;15.578387836;305.50;109.76
ranlux48;415.52;15.588024749;305.18;110.34
ranlux48;407.68;15.602892799;305.57;102.11
ranlux48;416.44;15.597025947;305.63;110.81
ranlux48;416.30;15.576068367;304.41;111.89
ranlux48;416.44;15.576575571;305.07;111.37
ranlux48;415.14;15.583468633;304.63;110.51
ranlux48;415.07;15.588964076;305.00;110.07
ranlux48;415.61;15.596486193;304.85;110.76
ranlux48;413.74;15.587442710;304.01;109.73
ranlux48;414.83;15.579111361;303.86;110.97
ranlux48;415.86;15.577894199;304.43;111.43
ranlux48;417.72;15.575472779;305.02;112.70
ranlux48;416.58;15.576773547;304.54;112.04
ranlux48;416.68;15.580824069;304.87;111.81
ranlux48;413.09;15.589119027;304.35;108.74
ranlux48;416.15;15.587355255;304.78;111.37
ranlux48;411.39;15.585322739;304.23;107.16
ranlux48;407.50;15.597640949;304.31;103.19
ranlux48;416.14;15.597479935;304.91;111.23
ranlux48;416.53;15.583067810;304.67;111.86
ranlux48;417.50;15.580534517;304.52;112.98
ranlux48;416.69;15.585006890;304.86;111.83
ranlux48;418.28;15.588206603;305.08;113.20
ranlux48;417.53;15.592769684;304.99;112.54
ranlux48;408.81;15.600009295;304.22;104.59
ranlux48;414.53;15.578151134;304.19;110.34
ranlux48;416.76;15.596259670;304.23;112.53
ranlux48;415.47;15.580271117;303.74;111.73
ranlux48;417.73;15.581226711;304.33;113.40
ranlux48;418.22;15.598669160;305.47;112.75
ranlux48;408.18;15.601816195;305.37;102.81
ranlux48;410.44;15.585212554;304.45;105.99
ranlux48;410.78;15.584330330;305.45;105.33
ranlux48;415.60;15.593507902;305.00;110.60
ranlux48;415.84;15.581594498;303.85;111.99
ranlux48;417.00;15.596047473;304.47;112.53
xoroshiro128+;2.46;0.091045081;1.96;.50
xoroshiro128+;2.44;0.091094222;1.79;.65
xoroshiro128+;2.48;0.091449126;1.81;.67
xoroshiro128+;2.56;0.091085257;1.80;.76
xoroshiro128+;2.46;0.091186174;1.81;.65
xoroshiro128+;2.43;0.091064838;1.83;.60
xoroshiro128+;2.44;0.090958699;1.80;.64
xoroshiro128+;2.45;0.091149176;1.81;.64
xoroshiro128+;2.47;0.090935778;1.79;.68
xoroshiro128+;2.47;0.091180504;1.81;.66
xoroshiro128+;2.51;0.091014294;1.80;.71
xoroshiro128+;2.42;0.091005778;1.82;.60
xoroshiro128+;2.43;0.091110704;1.80;.63
xoroshiro128+;2.51;0.091017670;1.77;.74
xoroshiro128+;2.44;0.091141641;1.81;.63
xoroshiro128+;2.46;0.091178926;1.80;.66
xoroshiro128+;2.44;0.091126920;1.81;.63
xoroshiro128+;2.45;0.091205952;1.81;.64
xoroshiro128+;2.45;0.090758526;1.91;.54
xoroshiro128+;2.45;0.091029697;1.81;.64
xoroshiro128+;2.41;0.091066801;1.80;.61
xoroshiro128+;2.63;0.091129719;1.81;.82
xoroshiro128+;2.48;0.091008453;1.82;.66
xoroshiro128+;2.47;0.091279950;1.91;.56
xoroshiro128+;2.42;0.090984237;1.79;.63
xoroshiro128+;2.47;0.090887546;1.81;.66
xoroshiro128+;2.57;0.091077140;1.80;.77
xoroshiro128+;2.44;0.090982514;1.78;.66
xoroshiro128+;2.50;0.091149335;1.82;.68
xoroshiro128+;2.44;0.091151968;1.77;.67
xoroshiro128+;2.50;0.091088502;1.82;.68
xoroshiro128+;2.51;0.090936116;1.78;.73
xoroshiro128+;2.44;0.090963591;1.77;.67
xoroshiro128+;2.43;0.091086589;1.83;.60
xoroshiro128+;2.40;0.090896103;1.79;.61
xoroshiro128+;2.50;0.091018498;1.81;.69
xoroshiro128+;2.54;0.091086298;1.83;.71
xoroshiro128+;2.47;0.091014003;1.81;.66
xoroshiro128+;2.50;0.091114579;1.82;.68
xoroshiro128+;2.51;0.090821581;1.81;.70
xoroshiro128+;2.44;0.091114530;1.81;.63
xoroshiro128+;2.48;0.091000017;1.93;.55
xoroshiro128+;2.42;0.090958920;1.80;.62
xoroshiro128+;2.46;0.090831683;1.81;.65
xoroshiro128+;2.63;0.090935517;1.81;.82
xoroshiro128+;2.50;0.091113782;1.82;.68
xoroshiro128+;2.47;0.091056172;1.94;.53
xoroshiro128+;2.43;0.090999306;1.80;.63
xoroshiro128+;2.46;0.090991672;1.78;.68
xoroshiro128+;2.60;0.091126501;1.77;.83
xoroshiro128+;2.46;0.091002084;1.81;.65
xoroshiro128+;2.46;0.091080501;1.84;.62
xoroshiro128+;2.44;0.090991231;1.79;.65
xoroshiro128+;2.45;0.090834989;1.81;.64
xoroshiro128+;2.43;0.090865626;1.79;.64
xoroshiro128+;2.45;0.091008391;1.82;.63
xoroshiro128+;2.46;0.091298234;1.82;.64
xoroshiro128+;2.43;0.090865104;1.81;.62
xoroshiro128+;2.49;0.090980381;1.79;.70
xoroshiro128+;2.47;0.091166778;1.82;.65
xoroshiro128+;2.46;0.090960895;1.80;.66
xoroshiro128+;2.43;0.091047025;1.82;.61
xoroshiro128+;2.59;0.091174904;1.81;.78
xoroshiro128+;2.51;0.091163121;1.82;.69
xoroshiro128+;2.50;0.091085273;1.93;.57
xoroshiro128+;2.47;0.091017881;1.83;.64
xoroshiro128+;2.43;0.090825901;1.80;.63
xoroshiro128+;2.74;0.090946777;1.78;.96
xoroshiro128+;2.44;0.090886996;1.81;.63
xoroshiro128+;2.50;0.091018572;1.87;.63
xoroshiro128+;2.46;0.090949093;1.80;.66
xoroshiro128+;2.42;0.090978896;1.82;.60
xoroshiro128+;2.61;0.091026973;1.79;.82
xoroshiro128+;2.47;0.090957658;1.82;.65
xoroshiro128+;2.47;0.090922753;1.82;.65
xoroshiro128+;2.45;0.091039307;1.82;.63
xoroshiro128+;2.46;0.090920919;1.78;.68
xoroshiro128+;2.51;0.091257886;1.83;.68
xoroshiro128+;2.49;0.091065525;1.82;.67
xoroshiro128+;2.50;0.091190561;1.83;.67
xoroshiro128+;2.49;0.091096142;1.81;.68
xoroshiro128+;2.48;0.090818045;1.80;.68
xoroshiro128+;2.46;0.091049675;1.88;.58
xoroshiro128+;2.46;0.091122882;1.80;.66
xoroshiro128+;2.44;0.090725753;1.82;.62
xoroshiro128+;2.52;0.090860567;1.79;.73
xoroshiro128+;2.45;0.090973166;1.82;.63
xoroshiro128+;2.46;0.091640233;1.95;.51
xoroshiro128+;2.49;0.091688943;1.84;.65
xoroshiro128+;2.51;0.091451379;1.80;.71
xoroshiro128+;2.65;0.091515911;1.81;.84
xoroshiro128+;2.44;0.090903386;1.80;.64
xoroshiro128+;2.48;0.090851881;1.81;.67
xoroshiro128+;2.48;0.091039898;1.82;.66
xoroshiro128+;2.44;0.090921040;1.81;.63
xoroshiro128+;2.48;0.091070686;1.80;.68
xoroshiro128+;2.46;0.091075768;1.81;.65
xoroshiro128+;2.48;0.091016456;1.85;.63
xoroshiro128+;2.45;0.091040662;1.82;.63
xoroshiro128+;2.49;0.091191693;1.82;.67
xoshiro256+;2.42;0.085262704;1.71;.71
xoshiro256+;2.41;0.085400987;1.70;.71
xoshiro256+;2.42;0.085347151;1.70;.72
xoshiro256+;2.58;0.085277863;1.67;.91
xoshiro256+;2.42;0.085316298;1.68;.74
xoshiro256+;2.42;0.085276629;1.69;.73
xoshiro256+;2.38;0.085319566;1.69;.69
xoshiro256+;2.41;0.085298264;1.70;.71
xoshiro256+;2.39;0.085355211;1.81;.58
xoshiro256+;2.41;0.085288280;1.69;.72
xoshiro256+;2.39;0.085226066;1.69;.70
xoshiro256+;2.47;0.085262713;1.69;.78
xoshiro256+;2.43;0.085355010;1.70;.73
xoshiro256+;2.41;0.085179249;1.70;.71
xoshiro256+;2.43;0.085380164;1.69;.74
xoshiro256+;2.42;0.085294214;1.70;.72
xoshiro256+;2.46;0.085440246;1.80;.66
xoshiro256+;2.41;0.085400284;1.70;.71
xoshiro256+;2.40;0.085322383;1.71;.69
xoshiro256+;2.43;0.085296268;1.71;.72
xoshiro256+;2.45;0.085338765;1.69;.76
xoshiro256+;2.41;0.085238941;1.70;.71
xoshiro256+;2.60;0.085252563;1.70;.90
xoshiro256+;2.41;0.085078934;1.70;.71
xoshiro256+;2.42;0.085276528;1.71;.71
xoshiro256+;2.39;0.085346829;1.68;.71
xoshiro256+;2.43;0.085261228;1.70;.73
xoshiro256+;2.42;0.085329980;1.80;.62
xoshiro256+;2.43;0.085354374;1.70;.73
xoshiro256+;2.41;0.085332630;1.70;.71
xoshiro256+;2.52;0.085301647;1.69;.83
xoshiro256+;2.42;0.084973245;1.70;.72
xoshiro256+;2.42;0.085374096;1.71;.71
xoshiro256+;2.41;0.085283052;1.70;.71
xoshiro256+;2.42;0.085265263;1.70;.72
xoshiro256+;2.43;0.085385804;1.83;.60
xoshiro256+;2.42;0.084882073;1.68;.74
xoshiro256+;2.44;0.085265058;1.70;.74
xoshiro256+;2.45;0.085243345;1.70;.75
xoshiro256+;2.43;0.085184358;1.70;.73
xoshiro256+;2.42;0.085257405;1.70;.72
xoshiro256+;2.60;0.085291673;1.68;.92
xoshiro256+;2.41;0.084856218;1.69;.72
xoshiro256+;2.43;0.085005970;1.70;.73
xoshiro256+;2.37;0.085297903;1.69;.68
xoshiro256+;2.39;0.085274033;1.70;.69
xoshiro256+;2.41;0.085329284;1.79;.62
xoshiro256+;2.42;0.085142641;1.68;.74
xoshiro256+;2.41;0.085218663;1.70;.71
xoshiro256+;2.55;0.085012646;1.69;.86
xoshiro256+;2.43;0.085243459;1.70;.73
xoshiro256+;2.40;0.085250500;1.68;.72
xoshiro256+;2.39;0.085232867;1.66;.73
xoshiro256+;2.43;0.085275390;1.70;.73
xoshiro256+;2.43;0.085252225;1.83;.60
xoshiro256+;2.41;0.085308230;1.70;.71
xoshiro256+;2.41;0.085269233;1.69;.72
xoshiro256+;2.43;0.085155015;1.65;.78
xoshiro256+;2.42;0.085315867;1.67;.75
xoshiro256+;2.40;0.085249370;1.69;.71
xoshiro256+;2.58;0.085270580;1.69;.89
xoshiro256+;2.40;0.085207092;1.70;.70
xoshiro256+;2.41;0.085038458;1.70;.71
xoshiro256+;2.39;0.085276195;1.70;.69
xoshiro256+;2.42;0.085168579;1.70;.72
xoshiro256+;2.43;0.085315887;1.77;.66
xoshiro256+;2.38;0.085175962;1.72;.66
xoshiro256+;2.41;0.085191918;1.69;.72
xoshiro256+;2.56;0.085380310;1.68;.88
xoshiro256+;2.38;0.084596126;1.67;.71
xoshiro256+;2.41;0.085271715;1.70;.71
xoshiro256+;2.37;0.085061772;1.69;.68
xoshiro256+;2.41;0.085332525;1.69;.72
xoshiro256+;2.42;0.085250352;1.86;.56
xoshiro256+;2.41;0.085367891;1.69;.72
xoshiro256+;2.41;0.085360972;1.69;.72
xoshiro256+;2.42;0.085352344;1.66;.76
xoshiro256+;2.41;0.085307409;1.69;.72
xoshiro256+;2.42;0.085255024;1.70;.72
xoshiro256+;2.48;0.085247791;1.70;.78
xoshiro256+;2.41;0.085345122;1.70;.71
xoshiro256+;2.40;0.085268686;1.74;.66
xoshiro256+;2.41;0.085336852;1.69;.72
xoshiro256+;2.42;0.085340891;1.68;.74
xoshiro256+;2.43;0.084644941;1.69;.74
xoshiro256+;2.41;0.085248662;1.70;.71
xoshiro256+;2.47;0.085397809;1.70;.77
xoshiro256+;2.60;0.085300692;1.68;.92
xoshiro256+;2.42;0.085009186;1.66;.76
xoshiro256+;2.42;0.085308703;1.67;.75
xoshiro256+;2.39;0.085260791;1.69;.70
xoshiro256+;2.42;0.085294354;1.69;.73
xoshiro256+;2.37;0.085309428;1.90;.47
xoshiro256+;2.44;0.085251016;1.70;.74
xoshiro256+;2.42;0.085264861;1.70;.72
xoshiro256+;2.44;0.085160835;1.68;.76
xoshiro256+;2.44;0.085329209;1.70;.74
xoshiro256+;2.43;0.085297865;1.70;.73
xoshiro256+;2.45;0.085248077;1.69;.76
xoshiro256+;2.42;0.084891936;1.68;.74
