engine;pkg;cpu;sleep
knuth_b;8.97;0.280542707;6.22
knuth_b;8.28;0.278420839;6.04
knuth_b;7.99;0.272786407;6.05
knuth_b;7.82;0.271417747;6.04
knuth_b;7.97;0.272485073;5.94
knuth_b;8.36;0.279197812;6.13
knuth_b;8.13;0.278656339;6.17
knuth_b;8.16;0.278784989;6.11
knuth_b;8.38;0.277844518;6.18
knuth_b;8.19;0.277804394;6.12
knuth_b;8.26;0.272328890;5.98
knuth_b;8.26;0.277686655;6.16
knuth_b;8.16;0.279025018;6.20
knuth_b;8.26;0.279067278;6.15
knuth_b;8.17;0.278979493;6.12
knuth_b;8.66;0.275413090;6.08
knuth_b;8.24;0.278049953;6.18
knuth_b;8.28;0.277774548;6.16
knuth_b;8.56;0.278624909;6.23
knuth_b;8.39;0.272936367;6.00
knuth_b;8.26;0.277706400;6.03
knuth_b;8.12;0.278428794;6.08
knuth_b;8.29;0.278050717;6.20
knuth_b;8.27;0.277748140;6.19
knuth_b;8.28;0.273882998;6.00
knuth_b;8.05;0.273564281;6.02
knuth_b;8.33;0.279699009;6.18
knuth_b;8.00;0.277856591;6.16
knuth_b;8.21;0.278401621;6.23
knuth_b;8.19;0.277876882;6.16
knuth_b;8.19;0.278288070;6.04
knuth_b;8.01;0.277490937;6.05
knuth_b;8.19;0.279046759;6.26
knuth_b;8.14;0.278353912;6.10
knuth_b;8.18;0.278444300;6.10
knuth_b;8.04;0.277724474;6.10
knuth_b;8.10;0.277800988;6.14
knuth_b;8.20;0.278369973;6.19
knuth_b;8.21;0.279048992;6.09
knuth_b;8.09;0.278405388;6.20
knuth_b;8.16;0.279773127;6.19
knuth_b;8.01;0.278351158;6.29
knuth_b;8.33;0.279046708;6.20
knuth_b;8.53;0.279842307;6.15
knuth_b;8.42;0.274083123;6.04
knuth_b;8.62;0.278415569;6.13
knuth_b;8.18;0.278242735;6.15
knuth_b;8.38;0.277729788;6.16
knuth_b;8.16;0.278508459;6.05
knuth_b;8.41;0.275911200;6.36
knuth_b;8.64;0.278732987;6.16
knuth_b;8.38;0.279106664;6.34
knuth_b;8.59;0.274825467;6.07
knuth_b;8.50;0.279363662;6.24
knuth_b;8.54;0.274821909;6.05
knuth_b;8.49;0.278761280;6.16
knuth_b;8.53;0.274420973;6.04
knuth_b;8.70;0.278817976;6.20
knuth_b;8.09;0.277445478;6.09
knuth_b;8.30;0.273387647;6.06
knuth_b;8.31;0.277957923;6.21
knuth_b;8.27;0.277973462;6.26
knuth_b;8.09;0.277780873;6.27
knuth_b;8.34;0.274443655;6.10
knuth_b;8.30;0.278562860;6.21
knuth_b;8.52;0.274587413;6.03
knuth_b;8.01;0.273008150;6.00
knuth_b;8.41;0.278606251;6.17
knuth_b;8.28;0.277499399;6.07
knuth_b;8.28;0.277910014;6.13
knuth_b;8.40;0.278704003;6.17
knuth_b;8.37;0.274168953;6.06
knuth_b;8.39;0.278752443;6.38
knuth_b;8.37;0.277826488;6.16
knuth_b;8.27;0.277620624;6.16
knuth_b;8.44;0.273483065;6.12
knuth_b;8.14;0.273827026;6.04
knuth_b;8.40;0.274318171;6.03
knuth_b;8.64;0.273995460;5.97
knuth_b;8.45;0.277864760;6.20
knuth_b;8.00;0.278057849;6.14
knuth_b;8.28;0.277931443;6.12
knuth_b;8.14;0.278451273;6.19
knuth_b;8.33;0.278447115;6.12
knuth_b;8.20;0.278277679;6.16
knuth_b;8.31;0.272823006;6.04
knuth_b;8.21;0.274094244;6.05
knuth_b;8.57;0.279146829;6.21
knuth_b;8.12;0.277586110;6.19
knuth_b;8.61;0.274489030;6.10
knuth_b;8.44;0.278876765;6.11
knuth_b;8.12;0.278556037;6.24
knuth_b;8.07;0.277918229;6.23
knuth_b;8.42;0.279818109;6.21
knuth_b;8.38;0.278075412;6.11
knuth_b;8.22;0.276486261;6.17
knuth_b;8.18;0.273100382;6.04
knuth_b;8.51;0.278240119;6.12
knuth_b;8.47;0.278683115;6.09
knuth_b;8.41;0.278949210;6.06
minstd_rand0;3.59;0.115066250;2.64
minstd_rand0;3.76;0.113525079;2.63
minstd_rand0;3.64;0.114586236;2.73
minstd_rand0;3.85;0.115668032;2.71
minstd_rand0;3.96;0.115991464;2.75
minstd_rand0;3.66;0.114513351;2.66
minstd_rand0;3.76;0.114322535;2.65
minstd_rand0;3.64;0.112185653;2.68
minstd_rand0;3.93;0.115263868;2.63
minstd_rand0;3.79;0.115746888;2.71
minstd_rand0;3.90;0.112407126;2.63
minstd_rand0;3.74;0.114812418;2.70
minstd_rand0;3.83;0.114670393;2.66
minstd_rand0;3.63;0.112914591;2.56
minstd_rand0;3.64;0.114255320;2.71
minstd_rand0;3.57;0.113970729;2.63
minstd_rand0;3.94;0.115405202;2.76
minstd_rand0;3.71;0.114424965;2.71
minstd_rand0;3.76;0.114668910;2.76
minstd_rand0;3.85;0.116154919;2.77
minstd_rand0;3.81;0.115493737;2.71
minstd_rand0;3.72;0.112610365;2.68
minstd_rand0;4.07;0.116255456;2.92
minstd_rand0;3.79;0.115170695;2.71
minstd_rand0;3.62;0.114052482;2.75
minstd_rand0;3.84;0.114748528;2.74
minstd_rand0;3.83;0.114460231;2.71
minstd_rand0;3.61;0.114281077;2.71
minstd_rand0;3.86;0.115164393;2.76
minstd_rand0;3.69;0.113397992;2.69
minstd_rand0;3.90;0.116107671;2.73
minstd_rand0;3.51;0.112394953;2.65
minstd_rand0;3.47;0.111603338;2.62
minstd_rand0;3.61;0.112465654;2.63
minstd_rand0;3.69;0.115381578;2.70
minstd_rand0;3.69;0.112241557;2.72
minstd_rand0;3.56;0.112297030;2.64
minstd_rand0;3.65;0.112436140;2.59
minstd_rand0;3.69;0.115081339;2.67
minstd_rand0;3.82;0.113740199;2.66
minstd_rand0;3.62;0.114387305;2.72
minstd_rand0;3.72;0.114048644;2.62
minstd_rand0;3.81;0.115800378;2.71
minstd_rand0;3.72;0.114525463;2.64
minstd_rand0;3.74;0.114417391;2.65
minstd_rand0;3.64;0.114584553;2.61
minstd_rand0;3.58;0.115232601;2.65
minstd_rand0;3.73;0.115183228;2.70
minstd_rand0;3.86;0.114957688;2.70
minstd_rand0;3.79;0.115680224;2.76
minstd_rand0;3.56;0.113991643;2.62
minstd_rand0;3.65;0.114640187;2.76
minstd_rand0;3.74;0.112168432;2.63
minstd_rand0;3.68;0.114497770;2.78
minstd_rand0;3.60;0.113981885;2.68
minstd_rand0;3.53;0.114066844;2.81
minstd_rand0;3.69;0.113673258;2.64
minstd_rand0;3.76;0.114598409;2.84
minstd_rand0;3.88;0.114542845;2.69
minstd_rand0;3.82;0.116368370;2.82
minstd_rand0;3.76;0.114813641;2.73
minstd_rand0;3.81;0.115637472;2.73
minstd_rand0;3.65;0.114036757;2.63
minstd_rand0;3.72;0.113052517;2.66
minstd_rand0;3.86;0.115520253;2.72
minstd_rand0;3.85;0.115744763;2.79
minstd_rand0;3.94;0.116042170;2.77
minstd_rand0;3.86;0.113742317;2.69
minstd_rand0;3.60;0.113150600;2.59
minstd_rand0;3.61;0.115008275;2.64
minstd_rand0;3.53;0.113787191;2.71
minstd_rand0;3.77;0.112966846;2.63
minstd_rand0;3.66;0.114217666;2.65
minstd_rand0;3.63;0.114348270;2.73
minstd_rand0;3.83;0.112286803;2.62
minstd_rand0;3.71;0.112904800;2.64
minstd_rand0;3.66;0.112004776;2.61
minstd_rand0;3.85;0.116262942;2.68
minstd_rand0;3.87;0.115241982;2.71
minstd_rand0;3.96;0.116382666;2.73
minstd_rand0;3.94;0.115176349;2.73
minstd_rand0;3.54;0.113783474;2.64
minstd_rand0;3.67;0.115448319;2.73
minstd_rand0;3.69;0.114536532;2.70
minstd_rand0;3.87;0.115917406;2.72
minstd_rand0;3.59;0.114211675;2.58
minstd_rand0;3.66;0.114102070;2.64
minstd_rand0;3.57;0.113890795;2.63
minstd_rand0;3.62;0.114328142;2.58
minstd_rand0;3.78;0.113527335;2.66
minstd_rand0;3.92;0.115186348;2.82
minstd_rand0;3.83;0.115134161;2.70
minstd_rand0;3.86;0.114314698;2.86
minstd_rand0;3.83;0.115078717;2.69
minstd_rand0;3.91;0.115992526;2.76
minstd_rand0;3.57;0.114434731;2.62
minstd_rand0;3.63;0.114848577;2.79
minstd_rand0;3.62;0.114868073;2.66
minstd_rand0;3.50;0.112479554;2.69
minstd_rand0;3.87;0.114731066;2.74
minstd_rand;3.79;0.112829428;2.75
minstd_rand;3.72;0.115544679;2.75
minstd_rand;3.84;0.114600763;2.72
minstd_rand;3.89;0.113550849;2.76
minstd_rand;3.71;0.114733721;2.71
minstd_rand;3.79;0.114768336;2.76
minstd_rand;3.89;0.116390451;2.78
minstd_rand;3.82;0.113568452;2.69
minstd_rand;3.69;0.113719944;2.77
minstd_rand;4.02;0.114803722;2.81
minstd_rand;3.88;0.114600662;2.66
minstd_rand;3.74;0.112810743;2.74
minstd_rand;3.83;0.116624128;2.75
minstd_rand;3.68;0.113881567;2.64
minstd_rand;3.71;0.114002674;2.70
minstd_rand;4.13;0.114398253;2.68
minstd_rand;3.58;0.112725604;2.64
minstd_rand;4.01;0.114516125;2.66
minstd_rand;3.76;0.113021047;2.69
minstd_rand;3.93;0.114781611;2.77
minstd_rand;3.89;0.115959566;2.80
minstd_rand;3.66;0.115084296;2.73
minstd_rand;3.78;0.113673899;2.66
minstd_rand;3.75;0.111917232;2.64
minstd_rand;3.83;0.115943475;2.71
minstd_rand;3.79;0.112703673;2.70
minstd_rand;3.61;0.113529629;2.61
minstd_rand;3.74;0.115472079;2.79
minstd_rand;3.67;0.114278291;2.63
minstd_rand;3.64;0.114932828;2.60
minstd_rand;3.66;0.115535970;2.68
minstd_rand;3.76;0.116415429;2.78
minstd_rand;3.81;0.112930432;2.60
minstd_rand;3.62;0.114063948;2.70
minstd_rand;3.68;0.114941794;2.70
minstd_rand;3.83;0.113606089;2.81
minstd_rand;3.85;0.115363386;2.73
minstd_rand;3.88;0.116191179;2.79
minstd_rand;3.58;0.112164666;2.69
minstd_rand;3.70;0.112602605;2.74
minstd_rand;3.57;0.113385075;2.59
minstd_rand;3.84;0.114516658;2.84
minstd_rand;3.81;0.113957609;2.71
minstd_rand;3.89;0.115531071;2.74
minstd_rand;3.58;0.112075328;2.61
minstd_rand;3.71;0.114620833;2.73
minstd_rand;3.76;0.114636622;2.72
minstd_rand;3.66;0.114748221;2.71
minstd_rand;3.70;0.112343089;2.70
minstd_rand;3.71;0.114744696;2.73
minstd_rand;3.93;0.115118527;2.68
minstd_rand;3.66;0.115374296;2.72
minstd_rand;3.92;0.113969812;2.68
minstd_rand;3.86;0.114746358;2.77
minstd_rand;4.01;0.114558837;2.70
minstd_rand;3.84;0.113468841;2.68
minstd_rand;4.07;0.113115719;2.81
minstd_rand;3.82;0.115381369;2.76
minstd_rand;4.16;0.115288987;2.76
minstd_rand;3.65;0.112676435;3.11
minstd_rand;3.91;0.114837109;2.77
minstd_rand;3.81;0.113566866;2.70
minstd_rand;3.74;0.114023122;2.64
minstd_rand;4.00;0.127798465;3.01
minstd_rand;3.81;0.113511812;2.64
minstd_rand;3.90;0.114755505;2.68
minstd_rand;3.78;0.112659032;2.63
minstd_rand;3.90;0.115835610;2.77
minstd_rand;3.53;0.113852521;2.63
minstd_rand;3.67;0.115126932;2.69
minstd_rand;3.81;0.113601520;2.66
minstd_rand;3.65;0.114791063;2.67
minstd_rand;3.66;0.112779808;2.76
minstd_rand;3.86;0.114909625;2.75
minstd_rand;3.66;0.115197875;2.75
minstd_rand;3.76;0.114825817;2.77
minstd_rand;3.95;0.113696919;2.80
minstd_rand;3.88;0.116651042;2.80
minstd_rand;3.74;0.114654035;2.80
minstd_rand;3.86;0.115590532;2.76
minstd_rand;3.77;0.114793087;2.81
minstd_rand;3.99;0.115533065;2.77
minstd_rand;3.69;0.112816438;2.60
minstd_rand;3.60;0.114767828;2.64
minstd_rand;3.68;0.114664065;2.73
minstd_rand;3.66;0.114190005;2.65
minstd_rand;3.68;0.114737912;2.76
minstd_rand;3.73;0.115093900;2.71
minstd_rand;3.63;0.114469348;2.69
minstd_rand;3.61;0.114682699;2.71
minstd_rand;3.86;0.113132741;2.68
minstd_rand;3.90;0.112180064;2.58
minstd_rand;3.78;0.114899476;2.75
minstd_rand;3.97;0.112232021;2.65
minstd_rand;3.74;0.113171825;2.69
minstd_rand;4.14;0.116019033;2.78
minstd_rand;3.62;0.115298163;2.72
minstd_rand;3.87;0.114948427;2.66
minstd_rand;3.82;0.116022102;2.70
minstd_rand;4.08;0.113222489;2.68
mt19937;2.12;0.056652191;1.41
mt19937;2.14;0.055532130;1.47
mt19937;2.39;0.056528790;1.42
mt19937;2.24;0.055661042;1.50
mt19937;2.28;0.055825931;1.44
mt19937;2.25;0.054686815;1.47
mt19937;2.35;0.055459834;1.45
mt19937;2.30;0.056224820;1.42
mt19937;2.32;0.057176215;1.48
mt19937;2.14;0.055106482;1.44
mt19937;2.19;0.055033165;1.43
mt19937;2.33;0.056141694;1.48
mt19937;2.21;0.054815436;1.47
mt19937;2.27;0.055751781;1.49
mt19937;2.21;0.054747288;1.45
mt19937;2.25;0.056881472;1.43
mt19937;2.23;0.055638701;1.49
mt19937;2.30;0.054858846;1.49
mt19937;2.35;0.057927443;1.49
mt19937;2.27;0.054863015;1.49
mt19937;2.20;0.056459049;1.46
mt19937;2.50;0.056831649;1.52
mt19937;2.26;0.056767969;1.47
mt19937;2.25;0.056178744;1.46
mt19937;2.23;0.056634899;1.50
mt19937;2.19;0.055821684;1.44
mt19937;2.17;0.055895543;1.47
mt19937;2.26;0.055683876;1.46
mt19937;2.25;0.056387334;1.51
mt19937;2.37;0.056957594;1.50
mt19937;2.29;0.055913265;1.49
mt19937;2.24;0.055749888;1.48
mt19937;2.22;0.056214570;1.48
mt19937;2.17;0.055119025;1.47
mt19937;2.28;0.055431943;1.44
mt19937;2.28;0.056622215;1.57
mt19937;2.27;0.055878691;1.47
mt19937;2.20;0.056541364;1.44
mt19937;2.21;0.055765849;1.48
mt19937;2.34;0.057388203;1.49
mt19937;2.47;0.056822701;1.45
mt19937;2.14;0.055478320;1.40
mt19937;2.30;0.056317724;1.47
mt19937;2.31;0.056926947;1.50
mt19937;2.37;0.055698352;1.48
mt19937;2.23;0.055628011;1.46
mt19937;2.20;0.055813378;1.50
mt19937;2.28;0.055711978;1.49
mt19937;2.17;0.055043022;1.43
mt19937;2.16;0.055902475;1.43
mt19937;2.30;0.055708161;1.45
mt19937;2.27;0.055326294;1.49
mt19937;2.28;0.056891100;1.49
mt19937;2.22;0.057826103;1.50
mt19937;2.27;0.055548229;1.45
mt19937;2.37;0.055810102;1.50
mt19937;2.28;0.055948992;1.48
mt19937;2.20;0.055628239;1.41
mt19937;2.17;0.055772000;1.47
mt19937;2.41;0.055019398;1.41
mt19937;2.30;0.055539975;1.46
mt19937;2.28;0.055798190;1.49
mt19937;2.24;0.054713364;1.45
mt19937;2.27;0.055072718;1.43
mt19937;2.34;0.054915534;1.51
mt19937;2.30;0.056667561;1.50
mt19937;2.33;0.056785803;1.50
mt19937;2.23;0.056958086;1.51
mt19937;2.32;0.057199098;1.44
mt19937;2.23;0.055130997;1.44
mt19937;2.30;0.055913485;1.53
mt19937;2.37;0.057885406;1.52
mt19937;2.27;0.056848940;1.51
mt19937;2.29;0.055476165;1.43
mt19937;2.32;0.055549262;1.44
mt19937;2.14;0.055566965;1.40
mt19937;2.18;0.055567627;1.39
mt19937;2.21;0.055694395;1.47
mt19937;2.39;0.056225481;1.44
mt19937;2.23;0.056113581;1.43
mt19937;2.28;0.055560192;1.45
mt19937;2.23;0.054698957;1.41
mt19937;2.24;0.055957598;1.43
mt19937;2.25;0.055521800;1.43
mt19937;2.24;0.055659639;1.40
mt19937;2.26;0.057259590;1.57
mt19937;2.16;0.055582824;1.37
mt19937;2.24;0.054982089;1.44
mt19937;2.16;0.055385715;1.44
mt19937;2.32;0.056657942;1.50
mt19937;2.22;0.054799495;1.38
mt19937;2.25;0.057295439;1.45
mt19937;2.23;0.055785144;1.48
mt19937;2.34;0.055897685;1.47
mt19937;2.19;0.055505690;1.48
mt19937;2.25;0.054785901;1.45
mt19937;2.27;0.055623622;1.46
mt19937;2.41;0.056125354;1.49
mt19937;2.28;0.056282417;1.48
mt19937;2.35;0.057741704;1.51
mt19937_64;2.21;0.053941857;1.46
mt19937_64;2.13;0.053179387;1.36
mt19937_64;2.09;0.052319531;1.37
mt19937_64;2.16;0.052415432;1.40
mt19937_64;2.22;0.053458029;1.52
mt19937_64;2.23;0.053700945;1.39
mt19937_64;2.18;0.054849420;1.39
mt19937_64;2.15;0.053433313;1.42
mt19937_64;2.13;0.053010118;1.41
mt19937_64;2.03;0.053178193;1.35
mt19937_64;2.19;0.053891450;1.41
mt19937_64;2.14;0.053500699;1.38
mt19937_64;2.20;0.053306455;1.44
mt19937_64;2.12;0.052541580;1.39
mt19937_64;2.24;0.054616371;1.49
mt19937_64;2.25;0.054368116;1.41
mt19937_64;2.31;0.053869080;1.40
mt19937_64;2.16;0.053547507;1.38
mt19937_64;2.18;0.053092093;1.41
mt19937_64;2.09;0.053580139;1.38
mt19937_64;2.30;0.053084238;1.37
mt19937_64;2.24;0.053151264;1.41
mt19937_64;2.17;0.053647614;1.42
mt19937_64;2.15;0.052407418;1.38
mt19937_64;2.24;0.054151651;1.41
mt19937_64;2.20;0.054902279;1.42
mt19937_64;2.15;0.054117555;1.39
mt19937_64;2.14;0.053109515;1.41
mt19937_64;2.19;0.054227462;1.40
mt19937_64;2.20;0.052256525;1.32
mt19937_64;2.16;0.053082575;1.36
mt19937_64;2.07;0.053375033;1.42
mt19937_64;2.21;0.054265954;1.41
mt19937_64;2.10;0.053264035;1.39
mt19937_64;2.21;0.054413932;1.40
mt19937_64;2.10;0.053183944;1.44
mt19937_64;2.22;0.053967625;1.39
mt19937_64;2.20;0.053617407;1.44
mt19937_64;2.14;0.053333135;1.42
mt19937_64;2.21;0.054061411;1.48
mt19937_64;2.12;0.053137799;1.39
mt19937_64;2.20;0.052908758;1.42
mt19937_64;2.24;0.054051603;1.42
mt19937_64;2.17;0.053013916;1.50
mt19937_64;2.20;0.053085288;1.43
mt19937_64;2.11;0.053374502;1.40
mt19937_64;2.16;0.053813335;1.37
mt19937_64;2.18;0.053358403;1.45
mt19937_64;2.22;0.053099837;1.38
mt19937_64;2.24;0.055773133;1.45
mt19937_64;2.27;0.055266081;1.43
mt19937_64;2.20;0.054738099;1.45
mt19937_64;2.25;0.053402534;1.42
mt19937_64;2.19;0.053938912;1.44
mt19937_64;2.18;0.052737816;1.36
mt19937_64;2.31;0.053887385;1.41
mt19937_64;2.18;0.053682471;1.44
mt19937_64;2.20;0.054518949;1.43
mt19937_64;2.11;0.053911299;1.39
mt19937_64;2.18;0.053535715;1.41
mt19937_64;2.08;0.053435998;1.38
mt19937_64;2.12;0.053036008;1.38
mt19937_64;2.14;0.053171572;1.42
mt19937_64;2.36;0.054233302;1.44
mt19937_64;2.15;0.053304792;1.42
mt19937_64;2.20;0.053522931;1.40
mt19937_64;2.16;0.053069940;1.44
mt19937_64;2.34;0.054289288;1.45
mt19937_64;2.19;0.062179140;1.62
mt19937_64;2.17;0.053262332;1.38
mt19937_64;2.15;0.052579371;1.37
mt19937_64;2.12;0.053963788;1.40
mt19937_64;2.08;0.054007289;1.38
mt19937_64;2.22;0.053712577;1.39
mt19937_64;2.19;0.053377187;1.51
mt19937_64;2.18;0.052958312;1.43
mt19937_64;2.13;0.053510628;1.44
mt19937_64;2.15;0.055595570;1.45
mt19937_64;2.20;0.052242068;1.43
mt19937_64;2.19;0.054775170;1.45
mt19937_64;2.14;0.053128220;1.39
mt19937_64;2.19;0.053426410;1.45
mt19937_64;2.22;0.053102372;1.38
mt19937_64;2.19;0.052996683;1.39
mt19937_64;2.19;0.052676763;1.42
mt19937_64;2.21;0.053106880;1.42
mt19937_64;2.32;0.053099374;1.39
mt19937_64;2.18;0.052935680;1.42
mt19937_64;2.18;0.053155853;1.42
mt19937_64;2.23;0.053756199;1.43
mt19937_64;2.32;0.052394974;1.38
mt19937_64;2.14;0.053200436;1.42
mt19937_64;2.17;0.053401493;1.44
mt19937_64;2.20;0.053509516;1.42
mt19937_64;2.22;0.052240002;1.36
mt19937_64;2.17;0.052267907;1.36
mt19937_64;2.21;0.053316010;1.40
mt19937_64;2.18;0.052688646;1.35
mt19937_64;2.27;0.052567358;1.37
mt19937_64;2.19;0.054143675;1.43
mt11213b;1.70;0.041802652;1.10
mt11213b;1.65;0.041498792;1.10
mt11213b;1.76;0.041531144;1.16
mt11213b;1.68;0.041784940;1.14
mt11213b;1.65;0.041299990;1.08
mt11213b;1.87;0.047251746;1.25
mt11213b;1.65;0.041649926;1.13
mt11213b;1.78;0.042998938;1.15
mt11213b;1.68;0.040832413;1.07
mt11213b;1.77;0.043706695;1.18
mt11213b;1.66;0.041557654;1.11
mt11213b;1.64;0.040829467;1.14
mt11213b;1.68;0.041020856;1.13
mt11213b;1.69;0.041577230;1.13
mt11213b;1.66;0.041454379;1.12
mt11213b;1.68;0.041480629;1.16
mt11213b;1.75;0.041228536;1.18
mt11213b;1.74;0.042882399;1.18
mt11213b;1.71;0.041761175;1.13
mt11213b;1.76;0.042440249;1.13
mt11213b;1.69;0.040980741;1.11
mt11213b;1.78;0.041554207;1.14
mt11213b;1.71;0.041205583;1.14
mt11213b;1.70;0.042444888;1.19
mt11213b;1.75;0.043139491;1.16
mt11213b;1.74;0.041464700;1.13
mt11213b;1.70;0.041384418;1.12
mt11213b;1.67;0.041756296;1.14
mt11213b;1.70;0.041493974;1.14
mt11213b;1.72;0.041590235;1.12
mt11213b;1.70;0.041480318;1.19
mt11213b;1.73;0.041289851;1.13
mt11213b;1.74;0.042542110;1.14
mt11213b;1.75;0.043372669;1.18
mt11213b;1.75;0.042533193;1.14
mt11213b;1.78;0.042469865;1.16
mt11213b;1.68;0.040998725;1.12
mt11213b;1.68;0.041276366;1.12
mt11213b;1.76;0.044093240;1.20
mt11213b;1.69;0.041145430;1.12
mt11213b;1.78;0.040939293;1.13
mt11213b;1.76;0.042668147;1.14
mt11213b;1.69;0.040832994;1.07
mt11213b;1.69;0.040855647;1.09
mt11213b;1.69;0.041463848;1.15
mt11213b;1.74;0.042296911;1.15
mt11213b;1.67;0.041586086;1.12
mt11213b;1.66;0.041531024;1.12
mt11213b;1.68;0.041593531;1.16
mt11213b;1.71;0.040984909;1.17
mt11213b;1.71;0.042576665;1.15
mt11213b;1.73;0.041615373;1.17
mt11213b;1.68;0.041422831;1.13
mt11213b;1.66;0.041005919;1.13
mt11213b;1.71;0.040899880;1.11
mt11213b;1.65;0.040981743;1.11
mt11213b;1.74;0.042386458;1.19
mt11213b;1.72;0.041191357;1.11
mt11213b;1.70;0.041899084;1.13
mt11213b;1.81;0.041411660;1.14
mt11213b;1.65;0.041664864;1.12
mt11213b;1.69;0.040826382;1.13
mt11213b;1.72;0.042420061;1.13
mt11213b;1.73;0.042989099;1.18
mt11213b;1.79;0.042319243;1.14
mt11213b;1.69;0.041527176;1.11
mt11213b;1.67;0.041050122;1.10
mt11213b;1.74;0.041444221;1.14
mt11213b;1.65;0.040835008;1.17
mt11213b;1.73;0.042292923;1.15
mt11213b;1.69;0.041503833;1.11
mt11213b;1.77;0.043401884;1.17
mt11213b;1.72;0.042176003;1.15
mt11213b;1.81;0.040886816;1.14
mt11213b;1.68;0.041382194;1.14
mt11213b;1.70;0.042721276;1.17
mt11213b;1.73;0.042053244;1.14
mt11213b;1.72;0.042872631;1.17
mt11213b;1.78;0.040901924;1.11
mt11213b;1.71;0.041857106;1.16
mt11213b;1.69;0.042350071;1.17
mt11213b;1.77;0.042396858;1.13
mt11213b;1.69;0.040755348;1.17
mt11213b;1.65;0.041708867;1.10
mt11213b;1.69;0.042484713;1.17
mt11213b;1.69;0.041670375;1.13
mt11213b;1.73;0.042953603;1.15
mt11213b;1.72;0.042479973;1.18
mt11213b;1.70;0.041469697;1.15
mt11213b;1.88;0.046137887;1.25
mt11213b;1.69;0.041963074;1.09
mt11213b;1.66;0.041065619;1.10
mt11213b;1.80;0.041614340;1.13
mt11213b;1.72;0.041585927;1.12
mt11213b;1.75;0.043377578;1.17
mt11213b;1.66;0.040970192;1.12
mt11213b;1.71;0.043333676;1.19
mt11213b;1.70;0.041540061;1.13
mt11213b;1.70;0.042206080;1.14
mt11213b;1.72;0.041437427;1.11
rand;11.74;0.333012353;7.68
rand;11.20;0.331453487;7.03
rand;11.05;0.335769386;7.13
rand;10.72;0.332139596;7.26
rand;10.95;0.332828439;7.09
rand;11.07;0.333026560;7.18
rand;10.95;0.332184591;6.99
rand;10.82;0.332300438;7.07
rand;11.01;0.332637280;7.00
rand;10.89;0.328427773;6.95
rand;11.12;0.332710868;7.02
rand;10.91;0.332848562;7.09
rand;11.10;0.333276381;7.32
rand;11.05;0.327416464;7.22
rand;11.39;0.333770468;7.18
rand;11.10;0.332485551;7.25
rand;11.41;0.333160254;7.35
rand;11.42;0.326801663;7.47
rand;10.94;0.333588977;7.22
rand;11.36;0.329222758;7.03
rand;11.23;0.332127139;7.30
rand;10.88;0.332731761;7.19
rand;11.61;0.334064099;7.12
rand;10.72;0.331610101;7.23
rand;10.92;0.325250046;7.05
rand;11.16;0.332964659;7.19
rand;10.95;0.332658024;7.27
rand;11.12;0.325837447;7.27
rand;11.36;0.335162085;7.71
rand;11.24;0.336490013;7.12
rand;11.34;0.332798397;6.94
rand;10.88;0.331474887;6.97
rand;10.69;0.331157341;7.31
rand;11.61;0.326860003;7.29
rand;10.80;0.325743550;7.03
rand;11.21;0.337986027;7.26
rand;10.99;0.325784467;7.26
rand;11.14;0.337354211;7.37
rand;10.92;0.331863015;7.17
rand;11.11;0.332463952;7.41
rand;10.85;0.332932700;7.14
rand;10.95;0.332898946;7.37
rand;10.86;0.331879055;7.18
rand;11.18;0.331572098;6.96
rand;10.97;0.335375404;7.34
rand;11.07;0.336286141;6.88
rand;10.87;0.331199693;7.27
rand;11.11;0.325979142;7.10
rand;10.88;0.328257520;7.09
rand;10.68;0.327406577;7.22
rand;10.73;0.334391120;7.20
rand;10.78;0.327412918;7.07
rand;11.16;0.332595467;7.18
rand;11.00;0.326090068;7.08
rand;10.92;0.326850274;7.06
rand;11.05;0.337688728;7.35
rand;11.02;0.327172967;7.16
rand;11.01;0.334234917;7.27
rand;10.88;0.328353159;7.20
rand;11.20;0.333009243;7.11
rand;10.78;0.336930568;7.24
rand;10.86;0.330502395;7.11
rand;11.39;0.334413874;7.55
rand;10.90;0.331313957;7.11
rand;11.03;0.331766525;7.09
rand;10.82;0.333218645;7.04
rand;11.15;0.331678349;7.03
rand;10.89;0.325058276;7.11
rand;10.98;0.332084029;7.16
rand;11.09;0.332772669;7.50
rand;11.01;0.327206299;7.27
rand;11.23;0.335587772;7.19
rand;11.18;0.331815544;6.93
rand;11.01;0.327144826;7.23
rand;11.05;0.335678503;6.98
rand;11.07;0.331909081;6.94
rand;11.09;0.327462411;7.07
rand;11.06;0.332833794;7.47
rand;10.71;0.331574204;7.16
rand;11.21;0.332226705;7.16
rand;10.77;0.326197030;7.28
rand;11.02;0.333493498;6.65
rand;10.90;0.335515305;7.25
rand;10.87;0.326140995;7.01
rand;10.81;0.326796603;6.81
rand;11.37;0.336189571;7.16
rand;11.08;0.331815045;7.30
rand;11.06;0.332052641;7.15
rand;11.08;0.332406753;7.04
rand;10.99;0.332066347;7.28
rand;10.97;0.326657553;7.11
rand;10.99;0.332124834;7.26
rand;10.73;0.331438960;7.31
rand;10.75;0.332545574;7.16
rand;11.02;0.328633425;7.03
rand;11.22;0.332399249;7.08
rand;10.90;0.318513003;6.73
rand;10.82;0.332984296;6.67
rand;11.20;0.331668239;7.19
rand;10.71;0.326100429;6.55
ranlux24_base;5.63;0.171668780;3.88
ranlux24_base;6.17;0.172445405;3.97
ranlux24_base;5.80;0.170607683;3.92
ranlux24_base;5.55;0.170535568;3.99
ranlux24_base;5.83;0.172921677;3.96
ranlux24_base;5.50;0.170531950;3.85
ranlux24_base;5.90;0.175848952;4.07
ranlux24_base;6.03;0.171261067;3.88
ranlux24_base;5.84;0.171407752;3.99
ranlux24_base;5.93;0.169236317;3.89
ranlux24_base;5.75;0.170511738;3.96
ranlux24_base;5.65;0.170721992;3.92
ranlux24_base;6.13;0.172886569;3.95
ranlux24_base;5.98;0.169355020;3.98
ranlux24_base;5.94;0.171524396;3.90
ranlux24_base;5.65;0.171856879;3.91
ranlux24_base;5.92;0.172314787;3.82
ranlux24_base;5.85;0.169321257;3.84
ranlux24_base;5.46;0.167176316;3.90
ranlux24_base;6.04;0.172287035;3.95
ranlux24_base;5.68;0.171523524;4.00
ranlux24_base;5.87;0.169499791;3.86
ranlux24_base;6.21;0.171684787;3.94
ranlux24_base;5.94;0.172211343;4.01
ranlux24_base;5.52;0.170483685;3.83
ranlux24_base;5.53;0.170252733;3.87
ranlux24_base;5.72;0.171408528;3.86
ranlux24_base;6.01;0.173147918;4.01
ranlux24_base;5.95;0.172641700;3.94
ranlux24_base;5.87;0.170965729;3.86
ranlux24_base;5.68;0.171210307;3.92
ranlux24_base;5.99;0.172807200;3.94
ranlux24_base;5.78;0.171946197;3.95
ranlux24_base;5.81;0.172194581;3.98
ranlux24_base;6.01;0.172522176;3.94
ranlux24_base;5.82;0.171728248;3.97
ranlux24_base;5.65;0.170742039;3.90
ranlux24_base;5.80;0.172063847;4.02
ranlux24_base;5.68;0.167260715;3.90
ranlux24_base;6.32;0.172449700;3.94
ranlux24_base;5.59;0.170972020;4.00
ranlux24_base;5.79;0.168564278;3.76
ranlux24_base;5.95;0.169781610;3.91
ranlux24_base;6.04;0.173760206;4.00
ranlux24_base;5.90;0.172093232;3.97
ranlux24_base;6.07;0.172960537;3.94
ranlux24_base;5.50;0.170551031;3.95
ranlux24_base;5.91;0.172602867;4.19
ranlux24_base;5.80;0.168880541;3.87
ranlux24_base;5.95;0.171661342;3.91
ranlux24_base;5.82;0.167636289;3.94
ranlux24_base;5.92;0.171474833;3.95
ranlux24_base;5.90;0.170980317;3.97
ranlux24_base;5.65;0.170409977;3.93
ranlux24_base;6.02;0.172100996;3.98
ranlux24_base;5.77;0.168923081;3.87
ranlux24_base;6.27;0.171773974;3.88
ranlux24_base;5.89;0.170621453;4.01
ranlux24_base;5.94;0.172098091;4.02
ranlux24_base;6.02;0.172203138;3.97
ranlux24_base;5.98;0.172563173;3.95
ranlux24_base;5.76;0.169208345;3.89
ranlux24_base;5.77;0.168697427;3.85
ranlux24_base;5.96;0.172448157;4.01
ranlux24_base;5.60;0.171736403;4.08
ranlux24_base;5.78;0.168952185;3.86
ranlux24_base;6.16;0.170509033;3.98
ranlux24_base;5.87;0.171572877;4.01
ranlux24_base;5.89;0.169575403;3.91
ranlux24_base;5.83;0.168824075;3.86
ranlux24_base;5.62;0.168990046;3.98
ranlux24_base;5.58;0.168074781;3.79
ranlux24_base;5.83;0.171516230;3.94
ranlux24_base;5.86;0.172034382;4.00
ranlux24_base;5.94;0.172883403;3.97
ranlux24_base;5.86;0.172795638;3.93
ranlux24_base;6.09;0.171189298;3.88
ranlux24_base;6.03;0.172717482;4.03
ranlux24_base;6.12;0.170223407;3.85
ranlux24_base;5.88;0.171091555;3.98
ranlux24_base;5.83;0.170649526;3.91
ranlux24_base;5.77;0.171715795;3.94
ranlux24_base;5.89;0.169111113;3.93
ranlux24_base;6.11;0.168864220;3.94
ranlux24_base;5.63;0.168488757;3.92
ranlux24_base;5.77;0.169878020;3.89
ranlux24_base;6.05;0.171693492;4.00
ranlux24_base;6.15;0.173701507;4.12
ranlux24_base;5.85;0.168375384;3.85
ranlux24_base;5.98;0.171952578;3.91
ranlux24_base;5.88;0.172494474;4.00
ranlux24_base;5.84;0.169903177;3.85
ranlux24_base;5.82;0.171579709;3.99
ranlux24_base;5.77;0.171053733;3.94
ranlux24_base;5.74;0.172655846;4.01
ranlux24_base;5.58;0.170638796;3.83
ranlux24_base;5.98;0.181604718;4.13
ranlux24_base;5.97;0.173093867;4.02
ranlux24_base;6.02;0.172610200;4.08
ranlux24_base;5.76;0.171947990;3.88
ranlux48_base;5.29;0.154752653;3.57
ranlux48_base;5.38;0.154605137;3.61
ranlux48_base;5.24;0.154261612;3.58
ranlux48_base;5.31;0.150776030;3.51
ranlux48_base;5.23;0.151437719;3.43
ranlux48_base;5.45;0.152694546;3.55
ranlux48_base;5.50;0.154995548;3.66
ranlux48_base;5.33;0.154934132;3.53
ranlux48_base;5.85;0.154672513;3.55
ranlux48_base;5.31;0.155289779;3.60
ranlux48_base;5.28;0.155033489;3.64
ranlux48_base;5.41;0.155275463;3.56
ranlux48_base;5.40;0.155185033;3.62
ranlux48_base;5.38;0.154232528;3.56
ranlux48_base;5.42;0.154641764;3.55
ranlux48_base;5.56;0.151779961;3.49
ranlux48_base;5.13;0.150603016;3.34
ranlux48_base;5.24;0.151636432;3.54
ranlux48_base;5.26;0.151049522;3.48
ranlux48_base;5.54;0.150996173;3.44
ranlux48_base;5.71;0.154266701;3.71
ranlux48_base;5.35;0.153477523;3.58
ranlux48_base;5.33;0.153201135;3.56
ranlux48_base;5.27;0.150844017;3.60
ranlux48_base;5.46;0.155216021;3.59
ranlux48_base;5.30;0.151728805;3.51
ranlux48_base;5.51;0.155317090;3.65
ranlux48_base;5.79;0.154853261;3.69
ranlux48_base;5.50;0.152217661;3.67
ranlux48_base;5.37;0.154751230;3.59
ranlux48_base;5.29;0.154141918;3.55
ranlux48_base;5.29;0.152571705;3.57
ranlux48_base;5.13;0.150593698;3.51
ranlux48_base;5.18;0.151619089;3.46
ranlux48_base;5.26;0.153767757;3.56
ranlux48_base;5.29;0.151123281;3.48
ranlux48_base;5.09;0.150483452;3.56
ranlux48_base;5.16;0.151255980;3.42
ranlux48_base;5.42;0.151670105;3.54
ranlux48_base;5.13;0.151635611;3.55
ranlux48_base;5.35;0.151729447;3.54
ranlux48_base;4.95;0.149404889;3.41
ranlux48_base;5.21;0.153371915;3.62
ranlux48_base;5.04;0.153041486;3.56
ranlux48_base;5.06;0.152991182;3.50
ranlux48_base;5.26;0.151940001;3.54
ranlux48_base;5.45;0.151801222;3.50
ranlux48_base;5.21;0.151816951;3.56
ranlux48_base;5.33;0.151889407;3.54
ranlux48_base;5.23;0.150969482;3.43
ranlux48_base;5.02;0.150288055;3.52
ranlux48_base;5.18;0.151544851;3.46
ranlux48_base;5.02;0.150906113;3.60
ranlux48_base;5.15;0.150688506;3.35
ranlux48_base;5.41;0.154199446;3.62
ranlux48_base;5.29;0.151883796;3.55
ranlux48_base;5.33;0.153574474;3.57
ranlux48_base;5.32;0.153366455;3.59
ranlux48_base;5.32;0.153634437;3.56
ranlux48_base;5.38;0.151631413;3.50
ranlux48_base;5.35;0.155037596;3.63
ranlux48_base;5.54;0.155340745;3.64
ranlux48_base;5.30;0.151672871;3.52
ranlux48_base;5.45;0.153844330;3.68
ranlux48_base;5.40;0.154567746;3.63
ranlux48_base;5.53;0.153123800;3.49
ranlux48_base;5.28;0.153129000;3.60
ranlux48_base;5.53;0.154354457;3.63
ranlux48_base;5.30;0.154189627;3.58
ranlux48_base;5.33;0.152967888;3.56
ranlux48_base;5.29;0.155453236;3.60
ranlux48_base;5.33;0.152979389;3.51
ranlux48_base;5.39;0.154096042;3.62
ranlux48_base;5.40;0.151927238;3.58
ranlux48_base;5.44;0.152219986;3.61
ranlux48_base;5.38;0.151969807;3.54
ranlux48_base;5.54;0.154075583;3.56
ranlux48_base;5.31;0.153905034;3.58
ranlux48_base;5.36;0.155528347;3.65
ranlux48_base;5.29;0.154475293;3.61
ranlux48_base;5.30;0.153746657;3.63
ranlux48_base;5.22;0.153447847;3.52
ranlux48_base;5.22;0.152662696;3.60
ranlux48_base;5.43;0.153165879;3.49
ranlux48_base;5.44;0.155212544;3.72
ranlux48_base;5.24;0.153311602;3.68
ranlux48_base;5.43;0.155206112;3.61
ranlux48_base;5.41;0.154027103;3.53
ranlux48_base;5.34;0.152141338;3.53
ranlux48_base;5.40;0.154014199;3.54
ranlux48_base;5.42;0.154310362;3.65
ranlux48_base;5.29;0.154321091;3.58
ranlux48_base;5.33;0.151970273;3.64
ranlux48_base;5.50;0.155173697;3.54
ranlux48_base;5.31;0.152092963;3.54
ranlux48_base;5.65;0.154528820;3.64
ranlux48_base;5.29;0.155065714;3.71
ranlux48_base;5.05;0.153032210;3.53
ranlux48_base;5.45;0.153875077;3.46
ranlux48_base;5.22;0.154090420;3.54
ranlux24;50.04;1.529929338;24.15
ranlux24;50.16;1.526285068;25.06
ranlux24;49.90;1.524923790;23.74
ranlux24;50.20;1.526288764;25.71
ranlux24;49.42;1.525679374;24.48
ranlux24;49.29;1.499119327;24.42
ranlux24;49.83;1.528086719;23.83
ranlux24;49.07;1.495470998;23.47
ranlux24;49.15;1.492445229;23.33
ranlux24;49.26;1.503422074;24.01
ranlux24;49.59;1.521184224;24.32
ranlux24;48.94;1.519592937;23.60
ranlux24;49.87;1.525205668;25.42
ranlux24;49.69;1.526919426;23.90
ranlux24;49.78;1.527368235;24.03
ranlux24;49.72;1.525551936;24.76
ranlux24;49.81;1.533972078;25.21
ranlux24;49.22;1.523520866;23.66
ranlux24;49.56;1.504366080;23.99
ranlux24;49.37;1.524741371;24.44
ranlux24;49.02;1.522785259;24.13
ranlux24;49.87;1.525941444;24.13
ranlux24;50.15;1.524759372;25.68
ranlux24;49.60;1.530666265;23.34
ranlux24;48.67;1.525797263;23.46
ranlux24;49.33;1.529166679;23.82
ranlux24;49.59;1.524528471;23.87
ranlux24;50.36;1.534814563;24.65
ranlux24;49.34;1.508154008;23.41
ranlux24;49.48;1.533191156;23.58
ranlux24;50.14;1.532195524;24.18
ranlux24;49.71;1.512097824;24.27
ranlux24;49.82;1.533742638;24.48
ranlux24;48.93;1.496852063;24.36
ranlux24;49.34;1.532122812;24.58
ranlux24;49.80;1.534033332;24.22
ranlux24;49.15;1.499287989;23.83
ranlux24;49.12;1.496936561;23.29
ranlux24;50.00;1.530974092;23.83
ranlux24;49.85;1.527058625;24.14
ranlux24;49.21;1.507256206;24.23
ranlux24;49.44;1.521615748;24.54
ranlux24;48.91;1.497163504;24.02
ranlux24;49.38;1.524397072;23.65
ranlux24;49.70;1.531346454;23.57
ranlux24;49.35;1.531003172;24.64
ranlux24;49.76;1.530196502;23.84
ranlux24;50.87;1.532874765;24.12
ranlux24;49.02;1.493770614;23.63
ranlux24;50.18;1.528726402;25.34
ranlux24;50.02;1.523525051;23.61
ranlux24;50.03;1.527423895;24.29
ranlux24;49.83;1.524605894;24.31
ranlux24;49.76;1.503891500;23.87
ranlux24;50.42;1.527782275;25.17
ranlux24;49.29;1.494286411;24.71
ranlux24;49.42;1.494539584;23.90
ranlux24;49.14;1.519372413;25.00
ranlux24;49.67;1.527804657;24.28
ranlux24;49.68;1.529507773;24.62
ranlux24;49.76;1.521185233;24.13
ranlux24;49.36;1.496900580;24.62
ranlux24;49.88;1.525313681;23.88
ranlux24;49.73;1.534303581;23.77
ranlux24;49.65;1.527186617;24.03
ranlux24;49.19;1.483441057;23.37
ranlux24;49.65;1.525390835;24.37
ranlux24;49.78;1.497551303;23.52
ranlux24;49.70;1.527856980;24.09
ranlux24;49.79;1.528242022;24.71
ranlux24;49.37;1.485455321;23.12
ranlux24;49.18;1.503297234;25.98
ranlux24;49.30;1.494104644;23.50
ranlux24;49.14;1.504911513;24.32
ranlux24;49.70;1.509271278;24.77
ranlux24;49.39;1.497866702;23.74
ranlux24;50.01;1.522674735;24.64
ranlux24;49.30;1.491478640;24.25
ranlux24;50.12;1.530132288;24.46
ranlux24;49.10;1.526494914;24.41
ranlux24;49.18;1.522440887;24.72
ranlux24;49.51;1.530220400;23.93
ranlux24;49.44;1.526593245;24.22
ranlux24;49.11;1.501649703;24.85
ranlux24;50.12;1.524725590;23.62
ranlux24;48.94;1.492036891;24.71
ranlux24;50.52;1.533687173;24.13
ranlux24;50.81;1.525098376;23.99
ranlux24;49.21;1.522887611;23.94
ranlux24;48.93;1.493194395;24.20
ranlux24;49.50;1.495316445;23.33
ranlux24;49.95;1.523569395;24.12
ranlux24;48.67;1.487981174;23.47
ranlux24;50.23;1.519477541;24.52
ranlux24;49.04;1.499946686;23.91
ranlux24;49.59;1.531144329;24.08
ranlux24;48.94;1.496053176;23.53
ranlux24;49.44;1.521691505;24.59
ranlux24;49.70;1.527985297;24.02
ranlux24;49.43;1.528019451;24.46
ranlux48;174.36;5.523602810;82.92
ranlux48;174.36;5.524977354;81.35
ranlux48;174.65;5.521765947;80.86
ranlux48;173.92;5.520127720;81.99
ranlux48;174.79;5.522396477;83.20
ranlux48;174.96;5.517740031;82.03
ranlux48;175.14;5.518138005;83.52
ranlux48;174.85;5.522338556;82.26
ranlux48;173.58;5.516858199;82.46
ranlux48;172.87;5.396241023;82.52
ranlux48;173.26;5.396204474;80.89
ranlux48;174.98;5.518983634;79.90
ranlux48;175.19;5.511578392;80.78
ranlux48;173.18;5.396179919;81.54
ranlux48;173.33;5.394485830;79.25
ranlux48;175.41;5.518614955;79.84
ranlux48;175.65;5.524835603;81.85
ranlux48;174.74;5.430224028;80.57
ranlux48;175.02;5.513981928;79.94
ranlux48;175.63;5.517726562;81.37
ranlux48;173.62;5.418521984;81.77
ranlux48;175.67;5.514301985;83.36
ranlux48;174.71;5.522968038;81.00
ranlux48;175.78;5.522009214;82.03
ranlux48;175.03;5.520633511;82.09
ranlux48;177.03;5.525202465;83.98
ranlux48;174.77;5.520429936;82.21
ranlux48;175.43;5.527938754;82.92
ranlux48;174.38;5.529114633;79.56
ranlux48;175.48;5.483339087;80.98
ranlux48;174.10;5.398842440;78.93
ranlux48;175.19;5.521073697;85.43
ranlux48;174.12;5.402080410;80.20
ranlux48;175.88;5.529918603;81.18
ranlux48;175.72;5.518651175;81.53
ranlux48;174.87;5.414325568;79.53
ranlux48;173.98;5.521176619;81.36
ranlux48;174.66;5.432151348;81.01
ranlux48;176.10;5.531030715;83.97
ranlux48;176.11;5.519245626;80.81
ranlux48;176.35;5.527570300;83.90
ranlux48;176.48;5.517529896;83.56
ranlux48;174.34;5.404474592;81.66
ranlux48;175.26;5.518754494;80.72
ranlux48;176.01;5.529072317;82.51
ranlux48;176.90;5.520766539;85.58
ranlux48;175.39;5.525820153;80.98
ranlux48;174.04;5.403109391;78.68
ranlux48;175.83;5.524232322;82.59
ranlux48;174.18;5.403437846;80.84
ranlux48;175.97;5.519844653;81.40
ranlux48;176.72;5.522660022;80.43
ranlux48;176.06;5.527243515;81.08
ranlux48;175.27;5.521171116;82.37
ranlux48;177.25;5.517194192;81.30
ranlux48;175.48;5.520750286;81.14
ranlux48;175.84;5.523425031;83.93
ranlux48;175.55;5.518392494;81.61
ranlux48;174.15;5.400958650;81.94
ranlux48;175.80;5.520872413;82.27
ranlux48;175.56;5.521464682;85.34
ranlux48;175.91;5.526389966;81.81
ranlux48;175.32;5.524087450;84.28
ranlux48;174.12;5.408702310;79.88
ranlux48;176.31;5.524361592;82.60
ranlux48;175.79;5.526203569;81.05
ranlux48;175.05;5.517067971;81.56
ranlux48;175.87;5.519785154;81.89
ranlux48;177.41;5.523594672;81.80
ranlux48;174.32;5.401149327;80.53
ranlux48;173.29;5.401570354;80.59
ranlux48;176.09;5.491366276;83.16
ranlux48;174.44;5.522091740;81.69
ranlux48;175.24;5.525483736;81.60
ranlux48;173.55;5.397531799;81.49
ranlux48;176.45;5.465254763;82.19
ranlux48;173.95;5.404491630;80.05
ranlux48;176.25;5.520347001;81.73
ranlux48;174.33;5.399382710;79.71
ranlux48;176.89;5.525877979;84.61
ranlux48;176.29;5.527400608;80.10
ranlux48;175.49;5.522226701;83.12
ranlux48;177.30;5.522478331;83.88
ranlux48;174.01;5.519069872;81.31
ranlux48;175.99;5.524577659;81.25
ranlux48;174.67;5.524418990;82.96
ranlux48;175.85;5.526991683;86.40
ranlux48;176.36;5.526668950;85.41
ranlux48;176.06;5.527044596;82.68
ranlux48;174.81;5.415467497;81.43
ranlux48;176.49;5.493890802;84.30
ranlux48;175.87;5.525404066;84.24
ranlux48;176.70;5.527118063;82.18
ranlux48;173.99;5.523724403;84.30
ranlux48;174.11;5.524164057;81.67
ranlux48;174.25;5.519768131;82.85
ranlux48;178.04;5.527894876;87.11
ranlux48;178.87;5.528690305;83.78
ranlux48;177.25;5.525895796;80.41
ranlux48;175.19;5.432698216;78.69
xoroshiro128+;1.10;0.031215767;0.81
xoroshiro128+;1.34;0.030176653;0.84
xoroshiro128+;1.27;0.032284016;0.88
xoroshiro128+;1.17;0.030708608;0.85
xoroshiro128+;1.22;0.030358794;0.82
xoroshiro128+;1.25;0.032534805;0.88
xoroshiro128+;1.21;0.030034537;0.80
xoroshiro128+;1.37;0.031013209;0.88
xoroshiro128+;1.26;0.030793196;0.84
xoroshiro128+;1.21;0.030439735;0.85
xoroshiro128+;1.26;0.030441148;0.87
xoroshiro128+;1.22;0.030071376;0.83
xoroshiro128+;1.27;0.030412154;0.85
xoroshiro128+;1.30;0.030562215;0.88
xoroshiro128+;1.22;0.030350909;0.88
xoroshiro128+;1.21;0.030406002;0.83
xoroshiro128+;1.22;0.030077197;0.84
xoroshiro128+;1.22;0.030431420;0.85
xoroshiro128+;1.21;0.030415791;0.87
xoroshiro128+;1.29;0.030695965;0.85
xoroshiro128+;1.26;0.031264458;0.88
xoroshiro128+;1.26;0.030503775;0.84
xoroshiro128+;1.22;0.029866443;0.85
xoroshiro128+;1.23;0.030139584;0.84
xoroshiro128+;1.23;0.030099539;0.84
xoroshiro128+;1.29;0.030070294;0.84
xoroshiro128+;1.18;0.029844302;0.83
xoroshiro128+;1.28;0.031632837;0.90
xoroshiro128+;1.30;0.031456638;0.91
xoroshiro128+;1.25;0.031583154;0.92
xoroshiro128+;1.26;0.030404559;0.85
xoroshiro128+;1.37;0.031501882;0.89
xoroshiro128+;1.28;0.030422774;0.85
xoroshiro128+;1.26;0.030536095;0.85
xoroshiro128+;1.22;0.030539502;0.87
xoroshiro128+;1.29;0.032013660;0.89
xoroshiro128+;1.26;0.031237969;0.88
xoroshiro128+;1.41;0.031557437;0.88
xoroshiro128+;1.21;0.030263155;0.89
xoroshiro128+;1.26;0.030557786;0.87
xoroshiro128+;1.25;0.031774903;0.87
xoroshiro128+;1.26;0.030868848;0.88
xoroshiro128+;1.26;0.030552998;0.85
xoroshiro128+;1.31;0.030626926;0.83
xoroshiro128+;1.22;0.030309000;0.84
xoroshiro128+;1.26;0.030479279;0.84
xoroshiro128+;1.22;0.030388960;0.86
xoroshiro128+;1.23;0.029855643;0.80
xoroshiro128+;1.27;0.031244000;0.88
xoroshiro128+;1.31;0.030382949;0.86
xoroshiro128+;1.26;0.030410470;0.83
xoroshiro128+;1.22;0.030371678;0.85
xoroshiro128+;1.27;0.030465434;0.85
xoroshiro128+;1.20;0.029790510;0.82
xoroshiro128+;1.22;0.030150394;0.83
xoroshiro128+;1.32;0.030437090;0.83
xoroshiro128+;1.22;0.030404118;0.85
xoroshiro128+;1.24;0.030631254;0.86
xoroshiro128+;1.26;0.030884508;0.89
xoroshiro128+;1.23;0.029890017;0.82
xoroshiro128+;1.26;0.030400361;0.88
xoroshiro128+;1.31;0.030519664;0.87
xoroshiro128+;1.25;0.031817683;0.90
xoroshiro128+;1.19;0.029908722;0.80
xoroshiro128+;1.25;0.029990414;0.85
xoroshiro128+;1.22;0.030403508;0.84
xoroshiro128+;1.22;0.030062189;0.86
xoroshiro128+;1.37;0.031516340;0.88
xoroshiro128+;1.22;0.030403216;0.85
xoroshiro128+;1.23;0.030476765;0.85
xoroshiro128+;1.24;0.029922888;0.84
xoroshiro128+;1.24;0.031321215;0.85
xoroshiro128+;1.22;0.030615384;0.87
xoroshiro128+;1.32;0.030485992;0.86
xoroshiro128+;1.22;0.030408006;0.86
xoroshiro128+;1.22;0.030329219;0.85
xoroshiro128+;1.22;0.030436058;0.92
xoroshiro128+;1.27;0.030610815;0.89
xoroshiro128+;1.29;0.032017738;0.91
xoroshiro128+;1.38;0.031039588;0.89
xoroshiro128+;1.23;0.030919242;0.83
xoroshiro128+;1.26;0.030447349;0.85
xoroshiro128+;1.26;0.030888835;0.88
xoroshiro128+;1.30;0.032893166;0.94
xoroshiro128+;1.26;0.030492343;0.87
xoroshiro128+;1.30;0.030456898;0.85
xoroshiro128+;1.26;0.030498084;0.88
xoroshiro128+;1.28;0.032109519;0.86
xoroshiro128+;1.22;0.030472316;0.85
xoroshiro128+;1.28;0.031909014;0.91
xoroshiro128+;1.26;0.030719810;0.89
xoroshiro128+;1.30;0.031274848;0.87
xoroshiro128+;1.25;0.031169500;0.89
xoroshiro128+;1.29;0.032038998;0.90
xoroshiro128+;1.28;0.030387147;0.85
xoroshiro128+;1.22;0.030420660;0.91
xoroshiro128+;1.22;0.029903091;0.90
xoroshiro128+;1.29;0.030484609;0.84
xoroshiro128+;1.27;0.030087306;0.87
xoroshiro128+;1.22;0.030495289;0.86
xoshiro256+;1.20;0.028889465;0.84
xoshiro256+;1.20;0.028827889;0.79
xoshiro256+;1.23;0.029991105;0.87
xoshiro256+;1.30;0.028920592;0.81
xoshiro256+;1.15;0.028287268;0.79
xoshiro256+;1.18;0.028873204;0.83
xoshiro256+;1.25;0.030423835;0.87
xoshiro256+;1.15;0.028838088;0.83
xoshiro256+;1.18;0.028899564;0.84
xoshiro256+;1.19;0.028851042;0.84
xoshiro256+;1.16;0.028414206;0.81
xoshiro256+;1.18;0.028974754;0.84
xoshiro256+;1.19;0.029161404;0.83
xoshiro256+;1.15;0.028570909;0.83
xoshiro256+;1.19;0.028884586;0.84
xoshiro256+;1.19;0.028886820;0.88
xoshiro256+;1.17;0.028516837;0.78
xoshiro256+;1.19;0.029031100;0.78
xoshiro256+;1.23;0.030183336;0.86
xoshiro256+;1.19;0.028928137;0.87
xoshiro256+;1.19;0.028934228;0.84
xoshiro256+;1.19;0.028880508;0.80
xoshiro256+;1.25;0.029461575;0.83
xoshiro256+;1.17;0.028358491;0.81
xoshiro256+;1.19;0.028870529;0.83
xoshiro256+;1.19;0.028777996;0.79
xoshiro256+;1.19;0.028865500;0.82
xoshiro256+;1.16;0.028827669;0.79
xoshiro256+;1.29;0.028946391;0.80
xoshiro256+;1.16;0.028318686;0.78
xoshiro256+;1.18;0.028541854;0.80
xoshiro256+;1.25;0.030751449;0.85
xoshiro256+;1.20;0.028549028;0.83
xoshiro256+;1.19;0.028829062;0.84
xoshiro256+;1.23;0.028942393;0.86
xoshiro256+;1.15;0.028441216;0.80
xoshiro256+;1.18;0.028440465;0.79
xoshiro256+;1.19;0.029670216;0.82
xoshiro256+;1.19;0.029701363;0.84
xoshiro256+;1.19;0.028852685;0.84
xoshiro256+;1.19;0.029172093;0.88
xoshiro256+;1.24;0.028932986;0.84
xoshiro256+;1.15;0.028401812;0.84
xoshiro256+;1.20;0.028526545;0.83
xoshiro256+;1.19;0.028777916;0.84
xoshiro256+;1.20;0.028960738;0.80
xoshiro256+;1.22;0.029344406;0.82
xoshiro256+;1.33;0.029969515;0.82
xoshiro256+;1.28;0.029743142;0.86
xoshiro256+;1.19;0.028900215;0.80
xoshiro256+;1.19;0.028987939;0.83
xoshiro256+;1.36;0.043197045;1.21
xoshiro256+;1.22;0.029568986;0.85
xoshiro256+;1.23;0.028986055;0.84
xoshiro256+;1.14;0.028866382;0.83
xoshiro256+;1.20;0.028824202;0.85
xoshiro256+;1.15;0.028827709;0.84
xoshiro256+;1.21;0.030586159;0.86
xoshiro256+;1.20;0.028850802;0.80
xoshiro256+;1.26;0.028837537;0.83
xoshiro256+;1.19;0.028905785;0.82
xoshiro256+;1.15;0.028293920;0.79
xoshiro256+;1.24;0.030730089;0.84
xoshiro256+;1.16;0.028241813;0.77
xoshiro256+;1.18;0.028891197;0.79
xoshiro256+;1.27;0.030025720;0.90
xoshiro256+;1.16;0.028400229;0.84
xoshiro256+;1.19;0.028411220;0.78
xoshiro256+;1.14;0.028566530;0.80
xoshiro256+;1.18;0.028822950;0.80
xoshiro256+;1.19;0.028958704;0.84
xoshiro256+;1.21;0.028443299;0.90
xoshiro256+;1.20;0.029084820;0.82
xoshiro256+;1.14;0.028815436;0.82
xoshiro256+;1.20;0.028915934;0.84
xoshiro256+;1.22;0.030098688;0.83
xoshiro256+;1.19;0.029112953;0.83
xoshiro256+;1.19;0.029114946;0.82
xoshiro256+;1.28;0.028473486;0.79
xoshiro256+;1.37;0.043014894;1.19
xoshiro256+;1.18;0.029486592;0.83
xoshiro256+;1.24;0.030807514;0.89
xoshiro256+;1.19;0.028770361;0.83
xoshiro256+;1.20;0.028937274;0.83
xoshiro256+;1.23;0.028960928;0.84
xoshiro256+;1.16;0.028392124;0.81
xoshiro256+;1.18;0.029096362;0.83
xoshiro256+;1.21;0.030474761;0.87
xoshiro256+;1.15;0.028924611;0.83
xoshiro256+;1.20;0.028883453;0.83
xoshiro256+;1.29;0.028920503;0.83
xoshiro256+;1.22;0.030103406;0.82
xoshiro256+;1.19;0.028863435;0.80
xoshiro256+;1.19;0.028371395;0.79
xoshiro256+;1.14;0.028507560;0.80
xoshiro256+;1.20;0.028891889;0.83
xoshiro256+;1.29;0.029084280;0.85
xoshiro256+;1.20;0.028878334;0.81
xoshiro256+;1.16;0.028400099;0.80
xoshiro256+;1.17;0.029086854;0.82
