engine;pkg;cpu;avg
knuth_b;0.29;0.011033900;0.26
knuth_b;0.29;0.010905239;0.24
knuth_b;0.29;0.011007420;0.26
knuth_b;0.28;0.010888719;0.26
knuth_b;0.36;0.010958710;0.30
knuth_b;0.28;0.011014894;0.25
knuth_b;0.29;0.010980119;0.25
knuth_b;0.28;0.011057424;0.26
knuth_b;0.28;0.010996200;0.27
knuth_b;0.29;0.010980730;0.23
knuth_b;0.29;0.011016978;0.26
knuth_b;0.28;0.010994116;0.23
knuth_b;0.29;0.010971243;0.25
knuth_b;0.33;0.010987494;0.31
knuth_b;0.28;0.011013011;0.22
knuth_b;0.29;0.010942629;0.26
knuth_b;0.28;0.010899810;0.25
knuth_b;0.28;0.010936448;0.24
knuth_b;0.29;0.010964310;0.23
knuth_b;0.28;0.011014684;0.26
knuth_b;0.29;0.010988856;0.26
knuth_b;0.28;0.010961865;0.26
knuth_b;0.30;0.010969681;0.29
knuth_b;0.28;0.011036996;0.25
knuth_b;0.28;0.011000898;0.25
knuth_b;0.28;0.010965592;0.26
knuth_b;0.28;0.010965383;0.26
knuth_b;0.28;0.011022689;0.24
knuth_b;0.28;0.011010487;0.26
knuth_b;0.28;0.010963980;0.24
knuth_b;0.29;0.010960854;0.23
knuth_b;0.29;0.010976773;0.24
knuth_b;0.27;0.010979919;0.26
knuth_b;0.28;0.010994707;0.26
knuth_b;0.29;0.010980571;0.24
knuth_b;0.28;0.010983035;0.26
knuth_b;0.28;0.010990299;0.25
knuth_b;0.28;0.011002342;0.26
knuth_b;0.29;0.010988375;0.25
knuth_b;0.30;0.010980871;0.23
knuth_b;0.27;0.011009064;0.25
knuth_b;0.28;0.010880524;0.26
knuth_b;0.28;0.010993154;0.23
knuth_b;0.28;0.010914136;0.26
knuth_b;0.29;0.010995248;0.25
knuth_b;0.32;0.010998684;0.26
knuth_b;0.29;0.010983195;0.26
knuth_b;0.34;0.010873681;0.25
knuth_b;0.27;0.010893628;0.26
knuth_b;0.28;0.010890002;0.26
knuth_b;0.29;0.010992803;0.23
knuth_b;0.28;0.010990509;0.26
knuth_b;0.28;0.010989788;0.26
knuth_b;0.29;0.010919967;0.24
knuth_b;0.28;0.010903326;0.27
knuth_b;0.28;0.010917743;0.26
knuth_b;0.39;0.010909688;0.25
knuth_b;0.27;0.010879021;0.22
knuth_b;0.28;0.010886384;0.23
knuth_b;0.26;0.010891734;0.25
knuth_b;0.28;0.010871798;0.26
knuth_b;0.28;0.010871717;0.27
knuth_b;0.29;0.010898808;0.23
knuth_b;0.29;0.010962887;0.23
knuth_b;0.37;0.010862851;0.29
knuth_b;0.28;0.010902645;0.25
knuth_b;0.28;0.010889170;0.24
knuth_b;0.29;0.010947248;0.23
knuth_b;0.28;0.010983316;0.24
knuth_b;0.28;0.010994286;0.25
knuth_b;0.28;0.011002010;0.26
knuth_b;0.29;0.010987884;0.23
knuth_b;0.29;0.010996199;0.26
knuth_b;0.34;0.010999706;0.31
knuth_b;0.27;0.010969289;0.23
knuth_b;0.28;0.011000708;0.22
knuth_b;0.28;0.010975471;0.26
knuth_b;0.28;0.010900672;0.26
knuth_b;0.28;0.011000278;0.26
knuth_b;0.29;0.010986181;0.26
knuth_b;0.28;0.011014894;0.26
knuth_b;0.28;0.011029512;0.23
knuth_b;0.28;0.010855717;0.23
knuth_b;0.28;0.010996209;0.25
knuth_b;0.28;0.010908215;0.25
knuth_b;0.28;0.010989357;0.24
knuth_b;0.29;0.010989497;0.26
knuth_b;0.28;0.011008472;0.26
knuth_b;0.29;0.010973247;0.25
knuth_b;0.30;0.011030444;0.26
knuth_b;0.29;0.010900832;0.25
knuth_b;0.28;0.010879251;0.23
knuth_b;0.28;0.010996430;0.25
knuth_b;0.29;0.010999325;0.24
knuth_b;0.28;0.010994786;0.26
knuth_b;0.29;0.011000107;0.26
knuth_b;0.28;0.011043638;0.26
knuth_b;0.29;0.010992392;0.24
knuth_b;0.31;0.010856829;0.25
knuth_b;0.28;0.010884391;0.26
minstd_rand0;0.13;0.004931301;0.12
minstd_rand0;0.14;0.005004197;0.13
minstd_rand0;0.14;0.005024325;0.13
minstd_rand0;0.15;0.004969993;0.12
minstd_rand0;0.14;0.004916313;0.13
minstd_rand0;0.14;0.005007193;0.13
minstd_rand0;0.13;0.005048009;0.11
minstd_rand0;0.14;0.005021701;0.13
minstd_rand0;0.14;0.004952009;0.11
minstd_rand0;0.17;0.004929557;0.13
minstd_rand0;0.13;0.004991524;0.12
minstd_rand0;0.14;0.004910682;0.13
minstd_rand0;0.14;0.005003146;0.13
minstd_rand0;0.14;0.005006753;0.12
minstd_rand0;0.16;0.005028964;0.14
minstd_rand0;0.14;0.004934708;0.12
minstd_rand0;0.14;0.005009207;0.13
minstd_rand0;0.14;0.004907897;0.10
minstd_rand0;0.14;0.004929908;0.13
minstd_rand0;0.20;0.005011722;0.19
minstd_rand0;0.13;0.005015739;0.11
minstd_rand0;0.14;0.004917304;0.13
minstd_rand0;0.14;0.004921363;0.13
minstd_rand0;0.17;0.005005480;0.15
minstd_rand0;0.13;0.004915833;0.11
minstd_rand0;0.14;0.005005891;0.13
minstd_rand0;0.14;0.005050224;0.13
minstd_rand0;0.13;0.005047318;0.12
minstd_rand0;0.14;0.004925220;0.13
minstd_rand0;0.13;0.005043621;0.12
minstd_rand0;0.17;0.005042329;0.14
minstd_rand0;0.15;0.005043912;0.13
minstd_rand0;0.18;0.005057567;0.10
minstd_rand0;0.14;0.005012934;0.13
minstd_rand0;0.13;0.005036638;0.12
minstd_rand0;0.14;0.004932082;0.13
minstd_rand0;0.18;0.005011049;0.13
minstd_rand0;0.13;0.005039172;0.12
minstd_rand0;0.14;0.004911093;0.13
minstd_rand0;0.14;0.004919059;0.13
minstd_rand0;0.14;0.004909260;0.13
minstd_rand0;0.22;0.005155771;0.17
minstd_rand0;0.13;0.005038992;0.11
minstd_rand0;0.16;0.005057718;0.13
minstd_rand0;0.13;0.005011832;0.10
minstd_rand0;0.14;0.005017282;0.13
minstd_rand0;0.13;0.005002024;0.10
minstd_rand0;0.14;0.005019916;0.13
minstd_rand0;0.14;0.005000640;0.13
minstd_rand0;0.13;0.004944876;0.10
minstd_rand0;0.14;0.004904431;0.13
minstd_rand0;0.14;0.004924448;0.13
minstd_rand0;0.14;0.004896817;0.11
minstd_rand0;0.14;0.004922985;0.10
minstd_rand0;0.14;0.004965034;0.13
minstd_rand0;0.14;0.004922284;0.12
minstd_rand0;0.17;0.004914660;0.16
minstd_rand0;0.13;0.005040375;0.11
minstd_rand0;0.13;0.005011090;0.12
minstd_rand0;0.13;0.004924649;0.11
minstd_rand0;0.14;0.004919299;0.13
minstd_rand0;0.17;0.005018524;0.13
minstd_rand0;0.13;0.005016350;0.12
minstd_rand0;0.16;0.005011089;0.14
minstd_rand0;0.13;0.004903359;0.12
minstd_rand0;0.14;0.004917436;0.11
minstd_rand0;0.16;0.005036267;0.13
minstd_rand0;0.13;0.005023243;0.12
minstd_rand0;0.14;0.005040496;0.13
minstd_rand0;0.13;0.005024194;0.12
minstd_rand0;0.14;0.004906895;0.13
minstd_rand0;0.14;0.004904562;0.13
minstd_rand0;0.19;0.004942402;0.15
minstd_rand0;0.14;0.004902788;0.11
minstd_rand0;0.14;0.005022902;0.13
minstd_rand0;0.14;0.004936411;0.13
minstd_rand0;0.14;0.005047128;0.13
minstd_rand0;0.16;0.004939927;0.15
minstd_rand0;0.14;0.004921483;0.13
minstd_rand0;0.13;0.004910873;0.11
minstd_rand0;0.14;0.005027862;0.13
minstd_rand0;0.13;0.004924708;0.12
minstd_rand0;0.14;0.004933125;0.13
minstd_rand0;0.14;0.004903720;0.13
minstd_rand0;0.14;0.004916904;0.13
minstd_rand0;0.13;0.005008074;0.12
minstd_rand0;0.14;0.004933154;0.13
minstd_rand0;0.14;0.005008024;0.13
minstd_rand0;0.13;0.005018003;0.12
minstd_rand0;0.14;0.004937914;0.13
minstd_rand0;0.17;0.005027841;0.13
minstd_rand0;0.13;0.005057256;0.12
minstd_rand0;0.16;0.004951469;0.15
minstd_rand0;0.14;0.004904370;0.11
minstd_rand0;0.14;0.004912586;0.11
minstd_rand0;0.14;0.005027491;0.13
minstd_rand0;0.13;0.005006491;0.12
minstd_rand0;0.14;0.005031880;0.13
minstd_rand0;0.13;0.005015098;0.12
minstd_rand0;0.14;0.004944265;0.13
minstd_rand;0.13;0.004911013;0.10
minstd_rand;0.14;0.004927975;0.12
minstd_rand;0.14;0.005010569;0.13
minstd_rand;0.13;0.004947912;0.12
minstd_rand;0.15;0.004924418;0.11
minstd_rand;0.14;0.004919489;0.11
minstd_rand;0.18;0.005003476;0.15
minstd_rand;0.13;0.004921362;0.12
minstd_rand;0.14;0.004924739;0.12
minstd_rand;0.13;0.004980573;0.12
minstd_rand;0.14;0.004913117;0.12
minstd_rand;0.13;0.004936911;0.12
minstd_rand;0.16;0.005012893;0.14
minstd_rand;0.12;0.005023684;0.11
minstd_rand;0.14;0.004900633;0.11
minstd_rand;0.14;0.004909040;0.10
minstd_rand;0.14;0.005023703;0.10
minstd_rand;0.14;0.004909019;0.11
minstd_rand;0.14;0.005021469;0.13
minstd_rand;0.18;0.005032891;0.16
minstd_rand;0.14;0.005023062;0.13
minstd_rand;0.13;0.005039924;0.11
minstd_rand;0.13;0.005039202;0.12
minstd_rand;0.14;0.005017061;0.13
minstd_rand;0.13;0.005034544;0.12
minstd_rand;0.14;0.004994629;0.13
minstd_rand;0.14;0.004905613;0.13
minstd_rand;0.15;0.004989049;0.13
minstd_rand;0.14;0.005035326;0.13
minstd_rand;0.13;0.004923035;0.12
minstd_rand;0.14;0.004928445;0.12
minstd_rand;0.14;0.005026208;0.13
minstd_rand;0.13;0.005050273;0.12
minstd_rand;0.16;0.005045544;0.14
minstd_rand;0.14;0.004911845;0.10
minstd_rand;0.17;0.005025046;0.13
minstd_rand;0.12;0.005013625;0.10
minstd_rand;0.13;0.004920732;0.10
minstd_rand;0.14;0.004954785;0.13
minstd_rand;0.14;0.004925340;0.13
minstd_rand;0.18;0.004989330;0.15
minstd_rand;0.12;0.005005971;0.11
minstd_rand;0.14;0.004920321;0.12
minstd_rand;0.14;0.005048039;0.13
minstd_rand;0.13;0.005026870;0.12
minstd_rand;0.14;0.004905082;0.11
minstd_rand;0.15;0.004903629;0.13
minstd_rand;0.14;0.004993056;0.13
minstd_rand;0.13;0.004939576;0.12
minstd_rand;0.14;0.004924608;0.11
minstd_rand;0.13;0.004912526;0.12
minstd_rand;0.16;0.005041597;0.13
minstd_rand;0.13;0.005056826;0.12
minstd_rand;0.14;0.004938655;0.12
minstd_rand;0.14;0.004931382;0.12
minstd_rand;0.17;0.004913407;0.13
minstd_rand;0.14;0.004909460;0.10
minstd_rand;0.14;0.004912036;0.12
minstd_rand;0.14;0.005024866;0.13
minstd_rand;0.13;0.005018103;0.12
minstd_rand;0.17;0.004986153;0.11
minstd_rand;0.15;0.004999709;0.13
minstd_rand;0.14;0.004899572;0.11
minstd_rand;0.14;0.004984921;0.12
minstd_rand;0.14;0.004903399;0.11
minstd_rand;0.13;0.004934838;0.12
minstd_rand;0.16;0.005024655;0.13
minstd_rand;0.13;0.005038060;0.12
minstd_rand;0.14;0.004924519;0.13
minstd_rand;0.14;0.005003266;0.13
minstd_rand;0.19;0.005020107;0.17
minstd_rand;0.14;0.005015448;0.13
minstd_rand;0.14;0.004914570;0.13
minstd_rand;0.14;0.004918868;0.11
minstd_rand;0.17;0.004994930;0.14
minstd_rand;0.14;0.004996974;0.13
minstd_rand;0.14;0.005005059;0.13
minstd_rand;0.13;0.005012212;0.12
minstd_rand;0.14;0.004988388;0.13
minstd_rand;0.15;0.005012573;0.13
minstd_rand;0.14;0.005020798;0.13
minstd_rand;0.13;0.005017422;0.12
minstd_rand;0.14;0.005018774;0.13
minstd_rand;0.13;0.005015528;0.12
minstd_rand;0.15;0.004925440;0.13
minstd_rand;0.13;0.005002234;0.12
minstd_rand;0.17;0.005017442;0.16
minstd_rand;0.13;0.005010760;0.11
minstd_rand;0.14;0.005010358;0.13
minstd_rand;0.13;0.005034654;0.11
minstd_rand;0.14;0.005004588;0.13
minstd_rand;0.13;0.005009938;0.12
minstd_rand;0.14;0.005020608;0.13
minstd_rand;0.13;0.005015749;0.12
minstd_rand;0.14;0.005010699;0.13
minstd_rand;0.14;0.004907667;0.11
minstd_rand;0.15;0.005026459;0.13
minstd_rand;0.13;0.005015478;0.12
minstd_rand;0.14;0.005018835;0.13
minstd_rand;0.13;0.004921923;0.12
mt19937;0.12;0.003786352;0.11
mt19937;0.12;0.003787274;0.09
mt19937;0.13;0.003692417;0.12
mt19937;0.12;0.003711974;0.10
mt19937;0.12;0.003791713;0.11
mt19937;0.12;0.003819895;0.11
mt19937;0.12;0.003799857;0.11
mt19937;0.12;0.003824464;0.11
mt19937;0.13;0.003713997;0.09
mt19937;0.12;0.003746939;0.10
mt19937;0.12;0.003830395;0.11
mt19937;0.12;0.003820236;0.11
mt19937;0.12;0.003800980;0.08
mt19937;0.14;0.003756106;0.12
mt19937;0.14;0.003694391;0.11
mt19937;0.12;0.003684523;0.11
mt19937;0.12;0.003696985;0.10
mt19937;0.13;0.003714718;0.08
mt19937;0.12;0.003765834;0.08
mt19937;0.13;0.003697878;0.10
mt19937;0.09;0.003714077;0.08
mt19937;0.12;0.003701384;0.11
mt19937;0.13;0.003772686;0.11
mt19937;0.12;0.003794839;0.11
mt19937;0.12;0.003775161;0.10
mt19937;0.12;0.003791913;0.09
mt19937;0.13;0.003790139;0.08
mt19937;0.12;0.003699400;0.10
mt19937;0.12;0.003763519;0.10
mt19937;0.13;0.003816138;0.09
mt19937;0.13;0.003699931;0.12
mt19937;0.12;0.003721000;0.11
mt19937;0.12;0.003703127;0.11
mt19937;0.12;0.003754844;0.10
mt19937;0.09;0.003716392;0.08
mt19937;0.12;0.003819464;0.09
mt19937;0.12;0.003708497;0.10
mt19937;0.12;0.003684422;0.10
mt19937;0.12;0.003788827;0.09
mt19937;0.12;0.003796210;0.08
mt19937;0.12;0.003695302;0.10
mt19937;0.12;0.003732722;0.10
mt19937;0.16;0.003768259;0.13
mt19937;0.11;0.003849380;0.08
mt19937;0.12;0.003794347;0.11
mt19937;0.12;0.003779660;0.11
mt19937;0.12;0.003693970;0.11
mt19937;0.12;0.003738834;0.11
mt19937;0.12;0.003819274;0.11
mt19937;0.12;0.003765434;0.11
mt19937;0.16;0.003794197;0.10
mt19937;0.12;0.003695974;0.11
mt19937;0.12;0.003778929;0.10
mt19937;0.12;0.003735547;0.11
mt19937;0.12;0.003685495;0.09
mt19937;0.13;0.003707755;0.10
mt19937;0.12;0.003695784;0.10
mt19937;0.12;0.003799026;0.11
mt19937;0.15;0.003804977;0.13
mt19937;0.12;0.003818843;0.11
mt19937;0.12;0.003797113;0.10
mt19937;0.12;0.003729846;0.11
mt19937;0.12;0.003701134;0.10
mt19937;0.13;0.003704139;0.10
mt19937;0.12;0.003706023;0.08
mt19937;0.12;0.003827289;0.11
mt19937;0.12;0.003715320;0.11
mt19937;0.12;0.003695253;0.10
mt19937;0.10;0.003713817;0.09
mt19937;0.13;0.003815557;0.08
mt19937;0.12;0.003804977;0.08
mt19937;0.11;0.003837257;0.08
mt19937;0.12;0.003783467;0.10
mt19937;0.12;0.003682819;0.09
mt19937;0.13;0.003683450;0.12
mt19937;0.12;0.003702316;0.10
mt19937;0.12;0.003702886;0.09
mt19937;0.13;0.003793355;0.12
mt19937;0.12;0.003702326;0.10
mt19937;0.12;0.003801981;0.09
mt19937;0.13;0.003822149;0.09
mt19937;0.12;0.003820446;0.08
mt19937;0.12;0.003714818;0.11
mt19937;0.12;0.003823792;0.11
mt19937;0.12;0.003672580;0.09
mt19937;0.14;0.003794167;0.12
mt19937;0.12;0.003726040;0.10
mt19937;0.09;0.003707356;0.08
mt19937;0.13;0.003688329;0.11
mt19937;0.13;0.003790731;0.09
mt19937;0.12;0.003786713;0.08
mt19937;0.12;0.003811339;0.08
mt19937;0.12;0.003809877;0.08
mt19937;0.12;0.003799817;0.11
mt19937;0.12;0.003671698;0.10
mt19937;0.12;0.003779330;0.11
mt19937;0.12;0.003698989;0.10
mt19937;0.12;0.003698228;0.10
mt19937;0.12;0.003791181;0.11
mt19937;0.12;0.003685153;0.11
mt19937_64;0.12;0.003398467;0.10
mt19937_64;0.13;0.003403067;0.09
mt19937_64;0.10;0.003413026;0.09
mt19937_64;0.12;0.003512661;0.09
mt19937_64;0.12;0.003482816;0.09
mt19937_64;0.12;0.003504376;0.09
mt19937_64;0.12;0.003512231;0.09
mt19937_64;0.12;0.003500308;0.09
mt19937_64;0.12;0.003493345;0.09
mt19937_64;0.12;0.003514735;0.10
mt19937_64;0.12;0.003509395;0.10
mt19937_64;0.12;0.003499597;0.10
mt19937_64;0.13;0.003489518;0.10
mt19937_64;0.12;0.003494837;0.10
mt19937_64;0.12;0.003481633;0.10
mt19937_64;0.10;0.003393780;0.09
mt19937_64;0.12;0.003421260;0.08
mt19937_64;0.12;0.003506299;0.10
mt19937_64;0.12;0.003532859;0.10
mt19937_64;0.12;0.003523872;0.10
mt19937_64;0.13;0.003515897;0.11
mt19937_64;0.13;0.003495760;0.10
mt19937_64;0.12;0.003523983;0.10
mt19937_64;0.12;0.003507582;0.11
mt19937_64;0.12;0.003496451;0.09
mt19937_64;0.12;0.003512070;0.09
mt19937_64;0.14;0.003496601;0.11
mt19937_64;0.12;0.003418585;0.09
mt19937_64;0.09;0.003407795;0.08
mt19937_64;0.13;0.003408737;0.09
mt19937_64;0.13;0.003485049;0.10
mt19937_64;0.13;0.003420008;0.09
mt19937_64;0.12;0.003429566;0.09
mt19937_64;0.12;0.003485941;0.11
mt19937_64;0.12;0.003485921;0.10
mt19937_64;0.12;0.003483467;0.09
mt19937_64;0.12;0.003508283;0.09
mt19937_64;0.12;0.003508794;0.09
mt19937_64;0.13;0.003405531;0.09
mt19937_64;0.12;0.003382819;0.09
mt19937_64;0.12;0.003480922;0.09
mt19937_64;0.13;0.003388459;0.09
mt19937_64;0.09;0.003376657;0.08
mt19937_64;0.15;0.003513843;0.12
mt19937_64;0.12;0.003482906;0.09
mt19937_64;0.12;0.003488326;0.09
mt19937_64;0.09;0.003492063;0.08
mt19937_64;0.09;0.003397587;0.08
mt19937_64;0.13;0.003395613;0.09
mt19937_64;0.12;0.003429365;0.10
mt19937_64;0.12;0.003412955;0.08
mt19937_64;0.12;0.003504186;0.09
mt19937_64;0.12;0.003414227;0.09
mt19937_64;0.12;0.003529282;0.09
mt19937_64;0.11;0.003512592;0.09
mt19937_64;0.13;0.003400922;0.10
mt19937_64;0.13;0.003407215;0.09
mt19937_64;0.12;0.003482996;0.09
mt19937_64;0.12;0.003500599;0.09
mt19937_64;0.12;0.003487354;0.09
mt19937_64;0.12;0.003514004;0.09
mt19937_64;0.11;0.003399350;0.09
mt19937_64;0.12;0.003507702;0.09
mt19937_64;0.12;0.003548227;0.09
mt19937_64;0.12;0.003507421;0.09
mt19937_64;0.12;0.003406904;0.10
mt19937_64;0.12;0.003394841;0.09
mt19937_64;0.12;0.003476914;0.09
mt19937_64;0.12;0.003510477;0.09
mt19937_64;0.12;0.003517179;0.09
mt19937_64;0.12;0.003515908;0.09
mt19937_64;0.12;0.003498896;0.11
mt19937_64;0.15;0.003506960;0.09
mt19937_64;0.11;0.003520727;0.09
mt19937_64;0.12;0.003489889;0.09
mt19937_64;0.12;0.003500568;0.09
mt19937_64;0.12;0.003494137;0.10
mt19937_64;0.12;0.003507622;0.09
mt19937_64;0.12;0.003379353;0.09
mt19937_64;0.12;0.003503805;0.09
mt19937_64;0.12;0.003532218;0.09
mt19937_64;0.12;0.003519164;0.09
mt19937_64;0.12;0.003509956;0.09
mt19937_64;0.12;0.003511790;0.11
mt19937_64;0.12;0.003504476;0.09
mt19937_64;0.36;0.012627667;0.30
mt19937_64;0.12;0.003395142;0.08
mt19937_64;0.12;0.003480071;0.09
mt19937_64;0.13;0.003395934;0.09
mt19937_64;0.13;0.003413115;0.09
mt19937_64;0.10;0.003390463;0.08
mt19937_64;0.12;0.003403878;0.08
mt19937_64;0.12;0.003385865;0.09
mt19937_64;0.12;0.003405752;0.08
mt19937_64;0.12;0.003391866;0.09
mt19937_64;0.12;0.003415660;0.09
mt19937_64;0.12;0.003508944;0.09
mt19937_64;0.13;0.003425789;0.10
mt19937_64;0.13;0.003410100;0.09
mt19937_64;0.12;0.003428234;0.10
mt11213b;0.11;0.002811101;0.10
mt11213b;0.09;0.002794249;0.06
mt11213b;0.09;0.002889457;0.06
mt11213b;0.09;0.002893865;0.06
mt11213b;0.09;0.002818004;0.07
mt11213b;0.09;0.002943237;0.08
mt11213b;0.09;0.002917700;0.07
mt11213b;0.10;0.002898043;0.06
mt11213b;0.10;0.002908453;0.07
mt11213b;0.09;0.002892743;0.07
mt11213b;0.09;0.002909905;0.07
mt11213b;0.09;0.002821751;0.08
mt11213b;0.07;0.002820990;0.06
mt11213b;0.10;0.002801173;0.06
mt11213b;0.10;0.002804589;0.06
mt11213b;0.09;0.002878978;0.06
mt11213b;0.09;0.002822172;0.08
mt11213b;0.10;0.002818896;0.07
mt11213b;0.10;0.002813596;0.06
mt11213b;0.10;0.002837951;0.06
mt11213b;0.09;0.002819537;0.07
mt11213b;0.09;0.002919623;0.07
mt11213b;0.11;0.002929462;0.10
mt11213b;0.10;0.002802775;0.06
mt11213b;0.10;0.002813805;0.07
mt11213b;0.09;0.002884868;0.08
mt11213b;0.10;0.002878657;0.07
mt11213b;0.09;0.002818715;0.06
mt11213b;0.09;0.002821941;0.06
mt11213b;0.12;0.002793628;0.11
mt11213b;0.10;0.002812564;0.06
mt11213b;0.10;0.002852859;0.06
mt11213b;0.10;0.002829475;0.07
mt11213b;0.09;0.002813826;0.06
mt11213b;0.10;0.002810359;0.06
mt11213b;0.09;0.002822862;0.07
mt11213b;0.09;0.002928320;0.08
mt11213b;0.14;0.002845625;0.08
mt11213b;0.09;0.002921598;0.07
mt11213b;0.09;0.002815870;0.06
mt11213b;0.09;0.002905468;0.07
mt11213b;0.10;0.002914444;0.09
mt11213b;0.09;0.002890319;0.06
mt11213b;0.09;0.002901199;0.07
mt11213b;0.10;0.002896190;0.07
mt11213b;0.09;0.002797385;0.06
mt11213b;0.09;0.002802114;0.07
mt11213b;0.09;0.002935193;0.06
mt11213b;0.09;0.002808666;0.06
mt11213b;0.09;0.002810920;0.06
mt11213b;0.10;0.002816140;0.06
mt11213b;0.10;0.002817062;0.07
mt11213b;0.09;0.002811752;0.07
mt11213b;0.10;0.002803717;0.07
mt11213b;0.09;0.002826379;0.06
mt11213b;0.11;0.002815539;0.09
mt11213b;0.09;0.002835496;0.07
mt11213b;0.10;0.002805341;0.06
mt11213b;0.09;0.002822783;0.06
mt11213b;0.10;0.002913291;0.09
mt11213b;0.09;0.002807744;0.06
mt11213b;0.10;0.002832641;0.06
mt11213b;0.10;0.002812534;0.07
mt11213b;0.10;0.002813826;0.06
mt11213b;0.09;0.002832662;0.07
mt11213b;0.10;0.002894086;0.07
mt11213b;0.13;0.002836349;0.08
mt11213b;0.09;0.002871373;0.06
mt11213b;0.09;0.002923622;0.08
mt11213b;0.09;0.002828464;0.07
mt11213b;0.09;0.002816571;0.08
mt11213b;0.09;0.002891601;0.06
mt11213b;0.10;0.002900528;0.09
mt11213b;0.11;0.002835196;0.07
mt11213b;0.10;0.002805230;0.06
mt11213b;0.09;0.002817823;0.07
mt11213b;0.09;0.002818755;0.07
mt11213b;0.09;0.002805971;0.08
mt11213b;0.10;0.002883906;0.06
mt11213b;0.09;0.002922058;0.07
mt11213b;0.09;0.002925885;0.07
mt11213b;0.09;0.002900518;0.07
mt11213b;0.10;0.002918522;0.09
mt11213b;0.09;0.002816561;0.07
mt11213b;0.09;0.002808486;0.07
mt11213b;0.09;0.002843862;0.07
mt11213b;0.09;0.002812433;0.07
mt11213b;0.09;0.002821370;0.07
mt11213b;0.09;0.002839364;0.07
mt11213b;0.09;0.002816221;0.08
mt11213b;0.09;0.002859701;0.07
mt11213b;0.09;0.002884598;0.08
mt11213b;0.12;0.002823674;0.10
mt11213b;0.09;0.002906419;0.07
mt11213b;0.09;0.002830486;0.07
mt11213b;0.09;0.002894277;0.06
mt11213b;0.09;0.002907791;0.07
mt11213b;0.11;0.002951964;0.10
mt11213b;0.09;0.002916136;0.08
mt11213b;0.09;0.002897291;0.06
rand;0.46;0.016714360;0.37
rand;0.46;0.016671781;0.36
rand;0.46;0.016783259;0.39
rand;0.42;0.016737925;0.36
rand;0.47;0.016670409;0.39
rand;0.49;0.016692009;0.40
rand;0.45;0.016683192;0.38
rand;0.42;0.016731232;0.36
rand;0.46;0.016745770;0.39
rand;0.43;0.016704412;0.37
rand;0.46;0.016676449;0.39
rand;0.43;0.016658186;0.37
rand;0.46;0.016697609;0.42
rand;0.44;0.015549655;0.34
rand;0.45;0.016764895;0.38
rand;0.42;0.016718218;0.37
rand;0.46;0.016682311;0.39
rand;0.46;0.016761739;0.39
rand;0.45;0.016693632;0.37
rand;0.55;0.016771668;0.42
rand;0.45;0.016773100;0.36
rand;0.45;0.016797527;0.37
rand;0.46;0.016743355;0.38
rand;0.43;0.016728567;0.36
rand;0.45;0.016726773;0.39
rand;0.43;0.016748665;0.35
rand;0.52;0.016714562;0.41
rand;0.41;0.016703701;0.35
rand;0.46;0.016672422;0.39
rand;0.43;0.016775856;0.38
rand;0.43;0.016758383;0.37
rand;0.46;0.016712136;0.36
rand;0.46;0.016704131;0.39
rand;0.49;0.016679966;0.41
rand;0.45;0.016618071;0.37
rand;0.47;0.016754305;0.36
rand;0.45;0.016776927;0.39
rand;0.45;0.016771346;0.39
rand;0.43;0.016788770;0.37
rand;0.47;0.016746882;0.37
rand;0.50;0.016756580;0.43
rand;0.43;0.016783230;0.38
rand;0.43;0.016701917;0.35
rand;0.46;0.016785083;0.39
rand;0.45;0.016751781;0.39
rand;0.42;0.016644030;0.36
rand;0.46;0.016717687;0.39
rand;0.46;0.016753503;0.43
rand;0.44;0.016638489;0.38
rand;0.45;0.016751610;0.37
rand;0.47;0.016823725;0.36
rand;0.46;0.016757401;0.36
rand;0.46;0.016698741;0.39
rand;0.46;0.016697168;0.38
rand;0.48;0.016728006;0.44
rand;0.44;0.016769885;0.38
rand;0.42;0.016766688;0.37
rand;0.46;0.016727505;0.37
rand;0.43;0.016655320;0.36
rand;0.46;0.016687250;0.38
rand;0.42;0.016759836;0.37
rand;0.44;0.016722175;0.37
rand;0.42;0.016597742;0.36
rand;0.45;0.016710183;0.38
rand;0.43;0.016731202;0.36
rand;0.46;0.016764013;0.36
rand;0.46;0.016721163;0.39
rand;0.44;0.016749145;0.34
rand;0.45;0.016743244;0.38
rand;0.43;0.016761208;0.36
rand;0.46;0.016740610;0.36
rand;0.45;0.016762310;0.39
rand;0.43;0.016752181;0.36
rand;0.44;0.016715642;0.37
rand;0.42;0.016634963;0.36
rand;0.46;0.016684225;0.39
rand;0.43;0.016700826;0.36
rand;0.46;0.016676399;0.37
rand;0.45;0.016786555;0.39
rand;0.45;0.016712177;0.36
rand;0.46;0.016688652;0.36
rand;0.45;0.016738977;0.37
rand;0.46;0.015580212;0.35
rand;0.45;0.016739669;0.37
rand;0.43;0.016761549;0.36
rand;0.45;0.016796113;0.43
rand;0.46;0.016675077;0.35
rand;0.45;0.016749937;0.37
rand;0.46;0.016686098;0.38
rand;0.43;0.016702338;0.36
rand;0.45;0.016699963;0.39
rand;0.42;0.016736221;0.37
rand;0.46;0.016730871;0.45
rand;0.47;0.016754476;0.37
rand;0.45;0.016682752;0.36
rand;0.46;0.016705915;0.37
rand;0.45;0.016711055;0.37
rand;0.43;0.016773571;0.37
rand;0.46;0.016767571;0.35
rand;0.46;0.016683273;0.43
ranlux24_base;0.18;0.006223925;0.13
ranlux24_base;0.16;0.006491625;0.14
ranlux24_base;0.20;0.006435571;0.17
ranlux24_base;0.20;0.006443817;0.17
ranlux24_base;0.16;0.006478301;0.15
ranlux24_base;0.17;0.006473351;0.15
ranlux24_base;0.17;0.006273368;0.15
ranlux24_base;0.20;0.006328441;0.15
ranlux24_base;0.17;0.006378434;0.15
ranlux24_base;0.20;0.006496225;0.17
ranlux24_base;0.22;0.006306480;0.15
ranlux24_base;0.16;0.006396418;0.14
ranlux24_base;0.19;0.006480756;0.16
ranlux24_base;0.20;0.006461840;0.15
ranlux24_base;0.17;0.006448315;0.15
ranlux24_base;0.17;0.006364538;0.15
ranlux24_base;0.20;0.006364338;0.15
ranlux24_base;0.16;0.006378505;0.15
ranlux24_base;0.21;0.006387001;0.15
ranlux24_base;0.17;0.006266715;0.16
ranlux24_base;0.19;0.006456079;0.15
ranlux24_base;0.17;0.006379205;0.15
ranlux24_base;0.21;0.006329192;0.16
ranlux24_base;0.20;0.006385347;0.17
ranlux24_base;0.17;0.006343819;0.15
ranlux24_base;0.20;0.006378995;0.15
ranlux24_base;0.17;0.006435651;0.15
ranlux24_base;0.17;0.006341956;0.16
ranlux24_base;0.17;0.006271154;0.16
ranlux24_base;0.17;0.006284659;0.16
ranlux24_base;0.24;0.006337798;0.14
ranlux24_base;0.17;0.006362114;0.16
ranlux24_base;0.17;0.006293425;0.15
ranlux24_base;0.20;0.006486776;0.15
ranlux24_base;0.17;0.006402809;0.16
ranlux24_base;0.20;0.006280021;0.15
ranlux24_base;0.17;0.006392611;0.16
ranlux24_base;0.17;0.006294378;0.16
ranlux24_base;0.17;0.006258359;0.15
ranlux24_base;0.25;0.006411135;0.17
ranlux24_base;0.19;0.006464234;0.14
ranlux24_base;0.17;0.006464646;0.14
ranlux24_base;0.17;0.006346986;0.16
ranlux24_base;0.20;0.006440550;0.15
ranlux24_base;0.17;0.006275702;0.16
ranlux24_base;0.17;0.006373155;0.16
ranlux24_base;0.21;0.006232332;0.16
ranlux24_base;0.16;0.006315426;0.15
ranlux24_base;0.17;0.006428919;0.15
ranlux24_base;0.17;0.006341426;0.15
ranlux24_base;0.17;0.006266825;0.15
ranlux24_base;0.17;0.006244003;0.15
ranlux24_base;0.17;0.006350402;0.16
ranlux24_base;0.21;0.006446311;0.17
ranlux24_base;0.20;0.006309455;0.16
ranlux24_base;0.17;0.006280592;0.15
ranlux24_base;0.17;0.006367244;0.16
ranlux24_base;0.27;0.006384966;0.17
ranlux24_base;0.16;0.006468062;0.14
ranlux24_base;0.17;0.006253611;0.15
ranlux24_base;0.17;0.006302883;0.15
ranlux24_base;0.17;0.006324664;0.16
ranlux24_base;0.17;0.006401196;0.15
ranlux24_base;0.21;0.006298555;0.15
ranlux24_base;0.17;0.006459566;0.15
ranlux24_base;0.17;0.006253431;0.15
ranlux24_base;0.17;0.006362605;0.16
ranlux24_base;0.26;0.006418488;0.18
ranlux24_base;0.19;0.006405505;0.14
ranlux24_base;0.16;0.006450149;0.15
ranlux24_base;0.21;0.006448234;0.17
ranlux24_base;0.20;0.006482930;0.15
ranlux24_base;0.17;0.006391428;0.16
ranlux24_base;0.17;0.006254233;0.16
ranlux24_base;0.17;0.006286573;0.16
ranlux24_base;0.22;0.006272446;0.19
ranlux24_base;0.20;0.006404463;0.15
ranlux24_base;0.17;0.006320576;0.14
ranlux24_base;0.17;0.006334823;0.16
ranlux24_base;0.20;0.006385017;0.15
ranlux24_base;0.17;0.006244363;0.15
ranlux24_base;0.17;0.006248632;0.16
ranlux24_base;0.17;0.006302773;0.16
ranlux24_base;0.17;0.006260003;0.16
ranlux24_base;0.20;0.006404002;0.15
ranlux24_base;0.22;0.006389095;0.19
ranlux24_base;0.20;0.006400555;0.16
ranlux24_base;0.20;0.006349861;0.16
ranlux24_base;0.17;0.006475175;0.16
ranlux24_base;0.20;0.006386910;0.15
ranlux24_base;0.17;0.006408440;0.15
ranlux24_base;0.20;0.006450489;0.17
ranlux24_base;0.20;0.006387080;0.15
ranlux24_base;0.17;0.006400535;0.16
ranlux24_base;0.17;0.006255154;0.15
ranlux24_base;0.17;0.006304275;0.16
ranlux24_base;0.17;0.006327829;0.16
ranlux24_base;0.22;0.006277826;0.19
ranlux24_base;0.20;0.006405104;0.17
ranlux24_base;0.17;0.006377312;0.16
ranlux48_base;0.14;0.005159518;0.13
ranlux48_base;0.14;0.005065651;0.12
ranlux48_base;0.14;0.005104966;0.13
ranlux48_base;0.14;0.005170368;0.12
ranlux48_base;0.14;0.005116748;0.13
ranlux48_base;0.14;0.005156101;0.13
ranlux48_base;0.17;0.005146543;0.13
ranlux48_base;0.17;0.005183242;0.14
ranlux48_base;0.19;0.005190996;0.15
ranlux48_base;0.15;0.005167382;0.13
ranlux48_base;0.14;0.005135232;0.13
ranlux48_base;0.14;0.005143167;0.13
ranlux48_base;0.14;0.005151332;0.13
ranlux48_base;0.14;0.005159477;0.13
ranlux48_base;0.14;0.005164417;0.13
ranlux48_base;0.14;0.005156782;0.13
ranlux48_base;0.14;0.005153086;0.13
ranlux48_base;0.15;0.005155870;0.14
ranlux48_base;0.15;0.005167031;0.14
ranlux48_base;0.14;0.005121807;0.13
ranlux48_base;0.18;0.005115155;0.16
ranlux48_base;0.14;0.005142886;0.12
ranlux48_base;0.14;0.005156121;0.12
ranlux48_base;0.14;0.005151633;0.13
ranlux48_base;0.14;0.005175507;0.13
ranlux48_base;0.14;0.005130133;0.12
ranlux48_base;0.18;0.005164307;0.12
ranlux48_base;0.18;0.005159077;0.12
ranlux48_base;0.19;0.005140962;0.13
ranlux48_base;0.18;0.005145411;0.14
ranlux48_base;0.18;0.005144339;0.14
ranlux48_base;0.15;0.005149769;0.13
ranlux48_base;0.18;0.005025898;0.16
ranlux48_base;0.15;0.005082523;0.11
ranlux48_base;0.14;0.005088324;0.11
ranlux48_base;0.14;0.005071363;0.13
ranlux48_base;0.14;0.005060953;0.11
ranlux48_base;0.14;0.005155199;0.13
ranlux48_base;0.15;0.005045825;0.12
ranlux48_base;0.15;0.005147976;0.13
ranlux48_base;0.14;0.005172110;0.12
ranlux48_base;0.14;0.005144419;0.13
ranlux48_base;0.18;0.005149499;0.14
ranlux48_base;0.15;0.005158225;0.13
ranlux48_base;0.14;0.005169917;0.13
ranlux48_base;0.14;0.005147896;0.12
ranlux48_base;0.18;0.005191497;0.13
ranlux48_base;0.15;0.005039002;0.13
ranlux48_base;0.14;0.005045916;0.12
ranlux48_base;0.15;0.005019997;0.13
ranlux48_base;0.14;0.005143057;0.12
ranlux48_base;0.18;0.005135432;0.14
ranlux48_base;0.17;0.005122087;0.11
ranlux48_base;0.14;0.005144880;0.12
ranlux48_base;0.14;0.005140913;0.13
ranlux48_base;0.18;0.005145472;0.13
ranlux48_base;0.15;0.005042209;0.14
ranlux48_base;0.14;0.005074479;0.13
ranlux48_base;0.15;0.005073417;0.13
ranlux48_base;0.14;0.005064259;0.13
ranlux48_base;0.14;0.005082934;0.13
ranlux48_base;0.16;0.005036618;0.13
ranlux48_base;0.14;0.005055643;0.13
ranlux48_base;0.16;0.005151783;0.14
ranlux48_base;0.14;0.005163465;0.13
ranlux48_base;0.14;0.005132617;0.13
ranlux48_base;0.17;0.005163155;0.12
ranlux48_base;0.18;0.005154929;0.13
ranlux48_base;0.18;0.005168184;0.13
ranlux48_base;0.14;0.005163805;0.13
ranlux48_base;0.14;0.005046085;0.13
ranlux48_base;0.15;0.005056565;0.12
ranlux48_base;0.14;0.005138058;0.12
ranlux48_base;0.14;0.005151583;0.12
ranlux48_base;0.18;0.005147636;0.15
ranlux48_base;0.15;0.005125574;0.13
ranlux48_base;0.15;0.005059711;0.13
ranlux48_base;0.15;0.005071503;0.13
ranlux48_base;0.15;0.005066764;0.12
ranlux48_base;0.14;0.005054892;0.12
ranlux48_base;0.14;0.005058949;0.13
ranlux48_base;0.14;0.005058809;0.12
ranlux48_base;0.14;0.005033582;0.13
ranlux48_base;0.15;0.005046025;0.13
ranlux48_base;0.14;0.005061144;0.13
ranlux48_base;0.19;0.005125544;0.15
ranlux48_base;0.15;0.005135803;0.13
ranlux48_base;0.14;0.005156452;0.13
ranlux48_base;0.18;0.005141924;0.13
ranlux48_base;0.15;0.005133208;0.13
ranlux48_base;0.14;0.005162363;0.13
ranlux48_base;0.14;0.005184364;0.13
ranlux48_base;0.14;0.005133589;0.13
ranlux48_base;0.14;0.005151091;0.12
ranlux48_base;0.14;0.005116417;0.12
ranlux48_base;0.14;0.005158997;0.13
ranlux48_base;0.15;0.005056464;0.12
ranlux48_base;0.19;0.005081932;0.15
ranlux48_base;0.14;0.005074138;0.12
ranlux48_base;0.14;0.005055543;0.13
ranlux24;1.35;0.047728171;1.04
ranlux24;1.35;0.048053649;1.02
ranlux24;1.38;0.048374558;1.11
ranlux24;1.31;0.047731608;1.00
ranlux24;1.36;0.047683819;1.04
ranlux24;1.35;0.048275260;1.09
ranlux24;1.33;0.048194823;1.02
ranlux24;1.35;0.048032930;1.04
ranlux24;1.36;0.048185143;1.05
ranlux24;1.33;0.048106698;1.03
ranlux24;1.35;0.048137524;1.04
ranlux24;1.37;0.047810646;1.02
ranlux24;1.29;0.047866189;1.00
ranlux24;1.39;0.048454494;1.03
ranlux24;1.37;0.047971345;1.02
ranlux24;1.44;0.047752727;1.00
ranlux24;1.35;0.047839399;1.04
ranlux24;1.36;0.047753469;1.03
ranlux24;1.54;0.048123048;1.03
ranlux24;1.34;0.048089164;1.03
ranlux24;1.34;0.047870547;1.03
ranlux24;1.44;0.048210352;1.04
ranlux24;1.34;0.048087359;1.03
ranlux24;1.36;0.048041045;1.04
ranlux24;1.35;0.048189973;1.10
ranlux24;1.33;0.048312763;1.02
ranlux24;1.35;0.047724775;1.01
ranlux24;1.36;0.048191897;1.05
ranlux24;1.37;0.048759375;1.05
ranlux24;1.35;0.048395597;1.03
ranlux24;1.35;0.047862400;1.07
ranlux24;1.33;0.048252388;1.02
ranlux24;1.36;0.047944946;1.01
ranlux24;1.36;0.047828939;1.05
ranlux24;1.31;0.048769807;1.03
ranlux24;1.35;0.047877781;1.04
ranlux24;1.36;0.047924388;1.04
ranlux24;1.35;0.048187779;1.02
ranlux24;1.36;0.047710575;1.01
ranlux24;1.37;0.048637557;1.04
ranlux24;1.53;0.048666343;1.05
ranlux24;1.32;0.047714383;1.01
ranlux24;1.35;0.047868323;1.02
ranlux24;1.47;0.048482279;1.02
ranlux24;1.35;0.048046673;1.02
ranlux24;1.35;0.048153923;1.01
ranlux24;1.39;0.047600463;1.06
ranlux24;1.34;0.048210913;1.02
ranlux24;1.35;0.048285018;1.03
ranlux24;1.36;0.048537581;1.11
ranlux24;1.34;0.048163013;1.02
ranlux24;1.34;0.048240999;1.03
ranlux24;1.35;0.047814099;1.05
ranlux24;1.33;0.047725195;1.02
ranlux24;1.35;0.048050733;1.04
ranlux24;1.36;0.048190865;1.05
ranlux24;1.35;0.048322541;1.02
ranlux24;1.36;0.048031948;1.04
ranlux24;1.35;0.048082913;1.04
ranlux24;1.32;0.047879514;1.00
ranlux24;1.39;0.049073240;1.04
ranlux24;1.33;0.047987335;1.03
ranlux24;1.35;0.047981013;1.01
ranlux24;1.39;0.048291661;1.03
ranlux24;1.35;0.047863230;1.03
ranlux24;1.53;0.047727409;1.01
ranlux24;1.34;0.048060632;1.03
ranlux24;1.35;0.047935178;1.01
ranlux24;1.50;0.048412456;1.04
ranlux24;1.34;0.048242532;1.06
ranlux24;1.35;0.048101255;1.03
ranlux24;1.33;0.047987996;1.07
ranlux24;1.34;0.048075310;1.02
ranlux24;1.34;0.048657126;1.05
ranlux24;1.33;0.048424580;1.12
ranlux24;1.34;0.047777359;1.04
ranlux24;1.36;0.048348880;1.01
ranlux24;1.36;0.047913688;1.05
ranlux24;1.38;0.048599238;1.03
ranlux24;1.38;0.048595862;1.04
ranlux24;1.35;0.047851572;1.04
ranlux24;1.33;0.047812749;1.02
ranlux24;1.36;0.047720517;1.00
ranlux24;1.32;0.047940746;1.04
ranlux24;1.36;0.048746523;1.06
ranlux24;1.34;0.048570752;1.04
ranlux24;1.34;0.048506114;1.05
ranlux24;1.37;0.048381402;1.03
ranlux24;1.36;0.047859807;1.00
ranlux24;1.36;0.047880014;1.04
ranlux24;1.55;0.047804771;1.03
ranlux24;1.34;0.047709797;1.02
ranlux24;1.36;0.047782583;1.02
ranlux24;1.40;0.047938464;1.02
ranlux24;1.36;0.047927443;1.03
ranlux24;1.35;0.048170805;1.04
ranlux24;1.35;0.048117107;1.09
ranlux24;1.32;0.047671034;1.03
ranlux24;1.35;0.048234787;1.04
ranlux24;1.38;0.047990438;1.13
ranlux48;4.42;0.158309646;3.30
ranlux48;4.36;0.158601009;3.30
ranlux48;4.39;0.158293855;3.30
ranlux48;4.58;0.158726187;3.32
ranlux48;4.54;0.158392604;3.31
ranlux48;4.40;0.158580932;3.32
ranlux48;4.37;0.158153153;3.31
ranlux48;4.38;0.158521731;3.30
ranlux48;4.45;0.158516393;3.31
ranlux48;4.37;0.158720823;3.35
ranlux48;4.40;0.158031987;3.30
ranlux48;4.38;0.158245686;3.32
ranlux48;4.41;0.158734822;3.36
ranlux48;4.38;0.158811473;3.32
ranlux48;4.41;0.158386311;3.31
ranlux48;4.41;0.158458201;3.29
ranlux48;4.46;0.158585879;3.28
ranlux48;4.36;0.158455822;3.31
ranlux48;4.37;0.158437023;3.30
ranlux48;4.39;0.158483039;3.27
ranlux48;4.50;0.158506742;3.32
ranlux48;4.45;0.158685988;3.32
ranlux48;4.43;0.158402559;3.26
ranlux48;4.36;0.158169855;3.27
ranlux48;4.43;0.158374386;3.28
ranlux48;4.36;0.158068076;3.36
ranlux48;4.40;0.158479232;3.38
ranlux48;4.42;0.158688022;3.34
ranlux48;4.39;0.158185455;3.33
ranlux48;4.42;0.158718033;3.31
ranlux48;4.44;0.158331127;3.30
ranlux48;4.43;0.158688997;3.35
ranlux48;4.43;0.158101518;3.29
ranlux48;4.32;0.158123347;3.33
ranlux48;4.38;0.158113269;3.28
ranlux48;4.37;0.158560405;3.32
ranlux48;4.42;0.158627444;3.30
ranlux48;4.50;0.157889042;3.28
ranlux48;4.59;0.158370486;3.28
ranlux48;4.45;0.158225608;3.30
ranlux48;4.41;0.158320636;3.29
ranlux48;4.41;0.158518822;3.28
ranlux48;4.39;0.158407847;3.33
ranlux48;4.40;0.158700576;3.37
ranlux48;4.39;0.158317959;3.32
ranlux48;4.38;0.158041583;3.33
ranlux48;4.40;0.158329617;3.28
ranlux48;4.36;0.157924399;3.31
ranlux48;4.43;0.159145918;3.33
ranlux48;4.39;0.158447643;3.30
ranlux48;4.37;0.158562899;3.32
ranlux48;4.36;0.158464565;3.29
ranlux48;4.42;0.158399804;3.33
ranlux48;4.39;0.158369768;3.32
ranlux48;4.60;0.158550279;3.29
ranlux48;4.53;0.158560965;3.31
ranlux48;4.44;0.158323832;3.28
ranlux48;4.43;0.158195262;3.32
ranlux48;4.43;0.158061030;3.33
ranlux48;4.44;0.158385949;3.36
ranlux48;4.38;0.158629452;3.38
ranlux48;4.36;0.158150658;3.29
ranlux48;4.43;0.158363033;3.31
ranlux48;4.41;0.158618653;3.32
ranlux48;4.43;0.158360560;3.34
ranlux48;4.40;0.158245192;3.32
ranlux48;4.38;0.158561841;3.35
ranlux48;4.38;0.158378784;3.32
ranlux48;4.35;0.158036086;3.30
ranlux48;4.33;0.158097708;3.28
ranlux48;4.41;0.158292303;3.30
ranlux48;4.59;0.158372974;3.33
ranlux48;4.48;0.158319053;3.32
ranlux48;4.38;0.158729569;3.29
ranlux48;4.40;0.158507603;3.29
ranlux48;4.38;0.158518624;3.30
ranlux48;4.39;0.158678424;3.36
ranlux48;4.44;0.158601190;3.38
ranlux48;4.44;0.158369357;3.31
ranlux48;4.37;0.158203459;3.32
ranlux48;4.41;0.158237050;3.34
ranlux48;4.38;0.158614684;3.33
ranlux48;4.43;0.158255188;3.31
ranlux48;4.38;0.158459467;3.30
ranlux48;4.40;0.158529075;3.30
ranlux48;4.36;0.158181737;3.31
ranlux48;4.36;0.158185514;3.29
ranlux48;4.37;0.158383172;3.31
ranlux48;4.53;0.158507026;3.32
ranlux48;4.43;0.158127565;3.31
ranlux48;4.39;0.158355780;3.29
ranlux48;4.35;0.158626011;3.31
ranlux48;4.44;0.158021015;3.28
ranlux48;4.38;0.158272486;3.36
ranlux48;4.43;0.158428816;3.35
ranlux48;4.42;0.158111095;3.30
ranlux48;4.39;0.158461617;3.31
ranlux48;4.40;0.158510576;3.31
ranlux48;4.43;0.158182348;3.30
ranlux48;4.39;0.158131563;3.27
xoroshiro128+;0.09;0.002296980;0.07
xoroshiro128+;0.09;0.002402277;0.06
xoroshiro128+;0.09;0.002304715;0.06
xoroshiro128+;0.08;0.002386007;0.07
xoroshiro128+;0.09;0.002392078;0.06
xoroshiro128+;0.09;0.002292412;0.06
xoroshiro128+;0.09;0.002322819;0.06
xoroshiro128+;0.09;0.002395054;0.07
xoroshiro128+;0.09;0.002398390;0.07
xoroshiro128+;0.07;0.002391036;0.06
xoroshiro128+;0.08;0.002407517;0.06
xoroshiro128+;0.09;0.002327367;0.06
xoroshiro128+;0.09;0.002387750;0.06
xoroshiro128+;0.09;0.002384313;0.07
xoroshiro128+;0.10;0.002291089;0.07
xoroshiro128+;0.08;0.002394372;0.07
xoroshiro128+;0.09;0.002349438;0.06
xoroshiro128+;0.10;0.002295448;0.07
xoroshiro128+;0.09;0.002395485;0.07
xoroshiro128+;0.10;0.002313812;0.07
xoroshiro128+;0.09;0.002364737;0.06
xoroshiro128+;0.09;0.002389033;0.08
xoroshiro128+;0.09;0.002388041;0.07
xoroshiro128+;0.12;0.002394874;0.08
xoroshiro128+;0.09;0.002420260;0.07
xoroshiro128+;0.09;0.002410903;0.08
xoroshiro128+;0.09;0.002391748;0.07
xoroshiro128+;0.09;0.002428326;0.07
xoroshiro128+;0.12;0.002303743;0.09
xoroshiro128+;0.09;0.002314403;0.07
xoroshiro128+;0.09;0.002388862;0.06
xoroshiro128+;0.09;0.002306729;0.06
xoroshiro128+;0.09;0.002417455;0.07
xoroshiro128+;0.10;0.002296119;0.07
xoroshiro128+;0.09;0.002415442;0.06
xoroshiro128+;0.09;0.002379835;0.06
xoroshiro128+;0.09;0.002391116;0.07
xoroshiro128+;0.10;0.002298063;0.08
xoroshiro128+;0.09;0.002285309;0.07
xoroshiro128+;0.10;0.002376408;0.07
xoroshiro128+;0.09;0.002418168;0.07
xoroshiro128+;0.09;0.002297232;0.07
xoroshiro128+;0.13;0.002422034;0.09
xoroshiro128+;0.09;0.002369366;0.07
xoroshiro128+;0.09;0.002285980;0.07
xoroshiro128+;0.09;0.002374475;0.07
xoroshiro128+;0.09;0.002378233;0.07
xoroshiro128+;0.09;0.002375678;0.07
xoroshiro128+;0.09;0.002383883;0.07
xoroshiro128+;0.09;0.002427203;0.07
xoroshiro128+;0.12;0.002343537;0.11
xoroshiro128+;0.10;0.002300096;0.06
xoroshiro128+;0.10;0.002379665;0.08
xoroshiro128+;0.09;0.002416193;0.07
xoroshiro128+;0.09;0.002377711;0.07
xoroshiro128+;0.10;0.002405553;0.09
xoroshiro128+;0.10;0.002397108;0.08
xoroshiro128+;0.10;0.002317198;0.07
xoroshiro128+;0.09;0.002319252;0.07
xoroshiro128+;0.12;0.002377240;0.09
xoroshiro128+;0.09;0.002307550;0.08
xoroshiro128+;0.09;0.002312219;0.07
xoroshiro128+;0.09;0.002293494;0.06
xoroshiro128+;0.10;0.002400173;0.06
xoroshiro128+;0.09;0.002371350;0.07
xoroshiro128+;0.09;0.002286892;0.06
xoroshiro128+;0.09;0.002396897;0.07
xoroshiro128+;0.09;0.002321427;0.06
xoroshiro128+;0.09;0.002307641;0.06
xoroshiro128+;0.09;0.002406405;0.06
xoroshiro128+;0.09;0.002308202;0.06
xoroshiro128+;0.09;0.002363224;0.08
xoroshiro128+;0.09;0.002287131;0.08
xoroshiro128+;0.09;0.002365979;0.07
xoroshiro128+;0.09;0.002429108;0.07
xoroshiro128+;0.08;0.002393802;0.06
xoroshiro128+;0.10;0.002382931;0.09
xoroshiro128+;0.09;0.002406745;0.07
xoroshiro128+;0.09;0.002392369;0.07
xoroshiro128+;0.09;0.002427514;0.07
xoroshiro128+;0.09;0.002385386;0.07
xoroshiro128+;0.10;0.002353336;0.07
xoroshiro128+;0.10;0.002347805;0.08
xoroshiro128+;0.09;0.002391097;0.06
xoroshiro128+;0.09;0.002394783;0.07
xoroshiro128+;0.09;0.002396015;0.08
xoroshiro128+;0.09;0.002394632;0.06
xoroshiro128+;0.09;0.002302711;0.08
xoroshiro128+;0.09;0.002316066;0.07
xoroshiro128+;0.10;0.002295047;0.06
xoroshiro128+;0.09;0.002286381;0.07
xoroshiro128+;0.11;0.002388361;0.07
xoroshiro128+;0.09;0.002375567;0.07
xoroshiro128+;0.09;0.002288685;0.08
xoroshiro128+;0.09;0.002432523;0.08
xoroshiro128+;0.09;0.002381849;0.07
xoroshiro128+;0.09;0.002388942;0.06
xoroshiro128+;0.08;0.002402117;0.07
xoroshiro128+;0.09;0.002385325;0.06
xoroshiro128+;0.09;0.002374325;0.07
xoshiro256+;0.09;0.002316066;0.07
xoshiro256+;0.09;0.002329782;0.07
xoshiro256+;0.09;0.002337516;0.07
xoshiro256+;0.09;0.002307220;0.07
xoshiro256+;0.09;0.002349328;0.07
xoshiro256+;0.12;0.002235155;0.09
xoshiro256+;0.10;0.002331735;0.07
xoshiro256+;0.09;0.002326716;0.07
xoshiro256+;0.09;0.002247659;0.06
xoshiro256+;0.09;0.002315324;0.06
xoshiro256+;0.10;0.002322979;0.07
xoshiro256+;0.09;0.002262696;0.07
xoshiro256+;0.12;0.002234514;0.07
xoshiro256+;0.09;0.002340702;0.07
xoshiro256+;0.09;0.002247619;0.07
xoshiro256+;0.09;0.002333710;0.07
xoshiro256+;0.09;0.002348506;0.07
xoshiro256+;0.09;0.002333890;0.07
xoshiro256+;0.09;0.002238431;0.07
xoshiro256+;0.09;0.002342646;0.07
xoshiro256+;0.09;0.002252216;0.07
xoshiro256+;0.09;0.002395244;0.07
xoshiro256+;0.09;0.002372823;0.07
xoshiro256+;0.09;0.002234694;0.07
xoshiro256+;0.10;0.002307891;0.07
xoshiro256+;0.10;0.002334861;0.07
xoshiro256+;0.10;0.002340562;0.07
xoshiro256+;0.09;0.002252247;0.06
xoshiro256+;0.09;0.002243130;0.07
xoshiro256+;0.09;0.002352644;0.07
xoshiro256+;0.10;0.002313602;0.07
xoshiro256+;0.09;0.002317529;0.06
xoshiro256+;0.09;0.002255814;0.07
xoshiro256+;0.09;0.002252127;0.06
xoshiro256+;0.10;0.002331234;0.07
xoshiro256+;0.09;0.002257617;0.07
xoshiro256+;0.09;0.002250403;0.06
xoshiro256+;0.09;0.002274238;0.07
xoshiro256+;0.09;0.002339631;0.07
xoshiro256+;0.09;0.002255292;0.06
xoshiro256+;0.09;0.002346674;0.07
xoshiro256+;0.12;0.002372291;0.09
xoshiro256+;0.09;0.002250193;0.07
xoshiro256+;0.10;0.002339831;0.07
xoshiro256+;0.09;0.002348747;0.07
xoshiro256+;0.09;0.002342045;0.08
xoshiro256+;0.09;0.002339440;0.08
xoshiro256+;0.09;0.002249913;0.07
xoshiro256+;0.09;0.002347915;0.08
xoshiro256+;0.09;0.002245945;0.07
xoshiro256+;0.11;0.002246516;0.08
xoshiro256+;0.09;0.002324362;0.08
xoshiro256+;0.09;0.002335662;0.07
xoshiro256+;0.09;0.002330623;0.07
xoshiro256+;0.10;0.002240936;0.07
xoshiro256+;0.09;0.002339961;0.07
xoshiro256+;0.09;0.002258349;0.07
xoshiro256+;0.09;0.002326265;0.07
xoshiro256+;0.08;0.002368644;0.06
xoshiro256+;0.09;0.002376670;0.07
xoshiro256+;0.09;0.002380186;0.07
xoshiro256+;0.09;0.002336244;0.06
xoshiro256+;0.10;0.002333229;0.07
xoshiro256+;0.08;0.002248700;0.07
xoshiro256+;0.08;0.002357723;0.06
xoshiro256+;0.09;0.002250915;0.06
xoshiro256+;0.09;0.002329562;0.07
xoshiro256+;0.09;0.002353155;0.07
xoshiro256+;0.09;0.002328139;0.07
xoshiro256+;0.09;0.002322599;0.07
xoshiro256+;0.09;0.002332117;0.07
xoshiro256+;0.08;0.002339460;0.07
xoshiro256+;0.11;0.002352544;0.10
xoshiro256+;0.09;0.002333739;0.07
xoshiro256+;0.09;0.002364557;0.07
xoshiro256+;0.09;0.002241627;0.06
xoshiro256+;0.09;0.002238381;0.07
xoshiro256+;0.10;0.002254261;0.07
xoshiro256+;0.09;0.002329942;0.07
xoshiro256+;0.09;0.002261554;0.07
xoshiro256+;0.09;0.002319302;0.07
xoshiro256+;0.09;0.002346584;0.07
xoshiro256+;0.09;0.002271823;0.07
xoshiro256+;0.09;0.002348116;0.07
xoshiro256+;0.10;0.002307831;0.07
xoshiro256+;0.09;0.002373363;0.07
xoshiro256+;0.10;0.002347645;0.07
xoshiro256+;0.11;0.002239072;0.08
xoshiro256+;0.09;0.002373163;0.07
xoshiro256+;0.09;0.002315476;0.07
xoshiro256+;0.09;0.002353717;0.06
xoshiro256+;0.09;0.002364296;0.07
xoshiro256+;0.09;0.002333849;0.07
xoshiro256+;0.10;0.002234414;0.06
xoshiro256+;0.10;0.002335403;0.07
xoshiro256+;0.10;0.002315966;0.07
xoshiro256+;0.09;0.002343077;0.07
xoshiro256+;0.09;0.002364106;0.07
xoshiro256+;0.09;0.002369335;0.07
xoshiro256+;0.09;0.002255944;0.07
