#program;length;compiler;opt;energy(J);time(s);seed
bitset;512;clang++;-O2;45.88;1.538773391;00
bitset;512;clang++;-O2;45.85;1.545157360;01
bitset;512;clang++;-O2;46.45;1.541815325;02
bitset;512;clang++;-O2;46.01;1.538804700;03
bitset;512;clang++;-O2;46.80;1.546552546;04
bitset;512;clang++;-O2;45.55;1.543493390;05
bitset;512;clang++;-O2;46.72;1.544492688;06
bitset;512;clang++;-O2;46.52;1.545717627;07
bitset;512;clang++;-O2;46.54;1.545371279;08
bitset;512;clang++;-O2;46.47;1.546005084;09
bitset;512;clang++;-O2;45.88;1.522684120;10
bitset;512;clang++;-O2;45.60;1.542405668;11
bitset;512;clang++;-O2;45.94;1.538756571;12
bitset;512;clang++;-O2;46.00;1.532679125;13
bitset;512;clang++;-O2;46.33;1.543381282;14
bitset;512;clang++;-O2;46.16;1.537292104;15
bitset;512;clang++;-O2;46.57;1.545872326;16
bitset;512;clang++;-O2;47.10;1.527576241;17
bitset;512;clang++;-O2;46.51;1.546140547;18
bitset;512;clang++;-O2;45.95;1.537320487;19
bitset;512;clang++;-O2;45.93;1.538780234;20
bitset;512;clang++;-O2;45.86;1.538203768;21
bitset;512;clang++;-O2;46.31;1.539431792;22
bitset;512;clang++;-O2;45.96;1.541990573;23
bitset;512;clang++;-O2;45.92;1.537332229;24
bitset;512;clang++;-O2;46.23;1.543150029;25
bitset;512;clang++;-O2;46.14;1.536493311;26
bitset;512;clang++;-O2;46.16;1.541818872;27
bitset;512;clang++;-O2;45.97;1.536192430;28
bitset;512;clang++;-O2;46.10;1.537602755;29
bitset;512;clang++;-O2;46.65;1.546373673;30
bitset;512;clang++;-O2;46.18;1.542189294;31
bitset;512;clang++;-O2;46.56;1.546494378;32
bitset;512;clang++;-O2;46.11;1.542021130;33
bitset;512;clang++;-O2;46.48;1.546601838;34
bitset;512;clang++;-O2;46.16;1.536389738;35
bitset;512;clang++;-O2;46.03;1.537918314;36
bitset;512;clang++;-O2;46.48;1.546042393;37
bitset;512;clang++;-O2;45.56;1.536560828;38
bitset;512;clang++;-O2;45.86;1.544544785;39
bitset;512;clang++;-O2;46.56;1.546167207;40
bitset;512;clang++;-O2;46.07;1.541869076;41
bitset;512;clang++;-O2;46.47;1.547399549;42
bitset;512;clang++;-O2;46.48;1.546757409;43
bitset;512;clang++;-O2;46.39;1.546952003;44
bitset;512;clang++;-O2;45.53;1.536893950;45
bitset;512;clang++;-O2;46.08;1.541896928;46
bitset;512;clang++;-O2;45.69;1.536141965;47
bitset;512;clang++;-O2;46.48;1.547152908;48
bitset;512;clang++;-O2;46.27;1.535546843;49
bitset;512;clang++;-O2;46.37;1.538494230;50
bitset;512;clang++;-O2;46.74;1.547178206;51
bitset;512;clang++;-O2;46.41;1.547783346;52
bitset;512;clang++;-O2;46.37;1.547575989;53
bitset;512;clang++;-O2;46.30;1.542423832;54
bitset;512;clang++;-O2;46.36;1.547691445;55
bitset;512;clang++;-O2;46.28;1.542059171;56
bitset;512;clang++;-O2;46.61;1.547983270;57
bitset;512;clang++;-O2;45.77;1.535222216;58
bitset;512;clang++;-O2;46.21;1.536471741;59
bitset;512;clang++;-O2;46.22;1.534577833;60
bitset;512;clang++;-O2;46.24;1.541982418;61
bitset;512;clang++;-O2;46.30;1.542005741;62
bitset;512;clang++;-O2;45.80;1.548390190;63
bitset;512;clang++;-O2;46.38;1.546598963;64
bitset;512;clang++;-O2;46.33;1.535279544;65
bitset;512;clang++;-O2;46.59;1.541126990;66
bitset;512;clang++;-O2;45.81;1.534365506;67
bitset;512;clang++;-O2;46.54;1.547140745;68
bitset;512;clang++;-O2;46.53;1.547593481;69
bitset;512;clang++;-O2;46.25;1.535450864;70
bitset;512;clang++;-O2;46.55;1.546956752;71
bitset;512;clang++;-O2;46.23;1.541067438;72
bitset;512;clang++;-O2;46.54;1.537476589;73
bitset;512;clang++;-O2;46.35;1.547377597;74
bitset;512;clang++;-O2;45.79;1.548207348;75
bitset;512;clang++;-O2;45.80;1.520828012;76
bitset;512;clang++;-O2;46.67;1.551382521;77
bitset;512;clang++;-O2;46.48;1.547539570;78
bitset;512;clang++;-O2;46.35;1.535558085;79
bitset;512;clang++;-O2;45.52;1.537705917;80
bitset;512;clang++;-O2;46.28;1.537182459;81
bitset;512;clang++;-O2;45.60;1.545854212;82
bitset;512;clang++;-O2;46.26;1.535340248;83
bitset;512;clang++;-O2;46.38;1.539007349;84
bitset;512;clang++;-O2;46.38;1.542048841;85
bitset;512;clang++;-O2;46.51;1.538949140;86
bitset;512;clang++;-O2;46.72;1.546900457;87
bitset;512;clang++;-O2;46.34;1.542085911;88
bitset;512;clang++;-O2;46.53;1.547336922;89
bitset;512;clang++;-O2;46.31;1.541743982;90
bitset;512;clang++;-O2;46.73;1.537586664;91
bitset;512;clang++;-O2;45.88;1.534502662;92
bitset;512;clang++;-O2;46.22;1.541864657;93
bitset;512;clang++;-O2;46.52;1.547467156;94
bitset;512;clang++;-O2;46.29;1.542244267;95
bitset;512;clang++;-O2;46.50;1.547329458;96
bitset;512;clang++;-O2;46.30;1.542088236;97
bitset;512;clang++;-O2;46.50;1.548613026;98
bitset;512;clang++;-O2;47.02;1.533664366;99
bitset;1024;clang++;-O2;91.39;3.068555384;00
bitset;1024;clang++;-O2;91.22;3.069084794;01
bitset;1024;clang++;-O2;92.72;3.080406958;02
bitset;1024;clang++;-O2;92.38;3.067423318;03
bitset;1024;clang++;-O2;92.48;3.067613093;04
bitset;1024;clang++;-O2;92.96;3.091941479;05
bitset;1024;clang++;-O2;92.98;3.092144578;06
bitset;1024;clang++;-O2;92.45;3.068036565;07
bitset;1024;clang++;-O2;91.04;3.082074874;08
bitset;1024;clang++;-O2;92.23;3.069544803;09
bitset;1024;clang++;-O2;92.26;3.069210047;10
bitset;1024;clang++;-O2;92.93;3.086051143;11
bitset;1024;clang++;-O2;93.00;3.090549258;12
bitset;1024;clang++;-O2;92.47;3.068368485;13
bitset;1024;clang++;-O2;92.83;3.080394685;14
bitset;1024;clang++;-O2;92.45;3.079451292;15
bitset;1024;clang++;-O2;93.84;3.037691517;16
bitset;1024;clang++;-O2;92.75;3.090669572;17
bitset;1024;clang++;-O2;92.42;3.067730593;18
bitset;1024;clang++;-O2;93.06;3.090504834;19
bitset;1024;clang++;-O2;92.48;3.067234587;20
bitset;1024;clang++;-O2;92.65;3.080183009;21
bitset;1024;clang++;-O2;92.64;3.075727695;22
bitset;1024;clang++;-O2;92.79;3.091559435;23
bitset;1024;clang++;-O2;92.41;3.067834668;24
bitset;1024;clang++;-O2;92.43;3.068459205;25
bitset;1024;clang++;-O2;91.12;3.091771882;26
bitset;1024;clang++;-O2;92.98;3.090677107;27
bitset;1024;clang++;-O2;92.50;3.080118909;28
bitset;1024;clang++;-O2;92.84;3.092511354;29
bitset;1024;clang++;-O2;91.43;3.069783860;30
bitset;1024;clang++;-O2;92.48;3.077552064;31
bitset;1024;clang++;-O2;92.48;3.080296662;32
bitset;1024;clang++;-O2;92.44;3.069021344;33
bitset;1024;clang++;-O2;92.23;3.069985826;34
bitset;1024;clang++;-O2;90.92;3.086804311;35
bitset;1024;clang++;-O2;91.28;3.068449085;36
bitset;1024;clang++;-O2;92.93;3.091642210;37
bitset;1024;clang++;-O2;92.88;3.080266475;38
bitset;1024;clang++;-O2;91.29;3.093435020;39
bitset;1024;clang++;-O2;92.81;3.081071850;40
bitset;1024;clang++;-O2;92.38;3.094243200;41
bitset;1024;clang++;-O2;93.19;3.061192928;42
bitset;1024;clang++;-O2;93.19;3.080887916;43
bitset;1024;clang++;-O2;92.98;3.091812347;44
bitset;1024;clang++;-O2;92.80;3.065986685;45
bitset;1024;clang++;-O2;92.78;3.080452502;46
bitset;1024;clang++;-O2;92.85;3.080177398;47
bitset;1024;clang++;-O2;92.81;3.091039443;48
bitset;1024;clang++;-O2;93.10;3.086008303;49
bitset;1024;clang++;-O2;92.42;3.067428218;50
bitset;1024;clang++;-O2;91.54;3.074143775;51
bitset;1024;clang++;-O2;92.53;3.081144225;52
bitset;1024;clang++;-O2;93.23;3.092741354;53
bitset;1024;clang++;-O2;92.69;3.080345212;54
bitset;1024;clang++;-O2;92.30;3.074353928;55
bitset;1024;clang++;-O2;92.90;3.091450692;56
bitset;1024;clang++;-O2;92.86;3.091867822;57
bitset;1024;clang++;-O2;92.90;3.091830081;58
bitset;1024;clang++;-O2;92.97;3.091435173;59
bitset;1024;clang++;-O2;92.57;3.080002201;60
bitset;1024;clang++;-O2;91.08;3.093434508;61
bitset;1024;clang++;-O2;92.52;3.080284569;62
bitset;1024;clang++;-O2;92.95;3.091966836;63
bitset;1024;clang++;-O2;92.79;3.091850829;64
bitset;1024;clang++;-O2;92.95;3.090239148;65
bitset;1024;clang++;-O2;92.52;3.067263801;66
bitset;1024;clang++;-O2;93.09;3.091744070;67
bitset;1024;clang++;-O2;93.32;3.106820820;68
bitset;1024;clang++;-O2;91.29;3.089981087;69
bitset;1024;clang++;-O2;92.31;3.068874009;70
bitset;1024;clang++;-O2;93.29;3.062749997;71
bitset;1024;clang++;-O2;92.47;3.067616740;72
bitset;1024;clang++;-O2;92.47;3.040147266;73
bitset;1024;clang++;-O2;92.67;3.080425452;74
bitset;1024;clang++;-O2;92.37;3.067239222;75
bitset;1024;clang++;-O2;91.02;3.093520214;76
bitset;1024;clang++;-O2;92.92;3.084551949;77
bitset;1024;clang++;-O2;92.09;3.093293951;78
bitset;1024;clang++;-O2;92.53;3.080825236;79
bitset;1024;clang++;-O2;92.74;3.092655889;80
bitset;1024;clang++;-O2;92.82;3.080336582;81
bitset;1024;clang++;-O2;92.77;3.080279476;82
bitset;1024;clang++;-O2;92.89;3.092539391;83
bitset;1024;clang++;-O2;92.95;3.091757551;84
bitset;1024;clang++;-O2;92.76;3.080426280;85
bitset;1024;clang++;-O2;93.42;3.085075346;86
bitset;1024;clang++;-O2;92.88;3.092442070;87
bitset;1024;clang++;-O2;92.87;3.080192944;88
bitset;1024;clang++;-O2;92.99;3.080405832;89
bitset;1024;clang++;-O2;92.97;3.092844361;90
bitset;1024;clang++;-O2;92.87;3.092338426;91
bitset;1024;clang++;-O2;93.03;3.092274026;92
bitset;1024;clang++;-O2;92.77;3.080414509;93
bitset;1024;clang++;-O2;91.14;3.091539193;94
bitset;1024;clang++;-O2;92.62;3.080304783;95
bitset;1024;clang++;-O2;92.91;3.091862627;96
bitset;1024;clang++;-O2;92.63;3.080322937;97
bitset;1024;clang++;-O2;92.50;3.059567869;98
bitset;1024;clang++;-O2;92.84;3.093015622;99
bitset;2048;clang++;-O2;185.58;6.179548761;00
bitset;2048;clang++;-O2;185.24;6.156494418;01
bitset;2048;clang++;-O2;185.31;6.156086465;02
bitset;2048;clang++;-O2;185.34;6.180552657;03
bitset;2048;clang++;-O2;184.62;6.115700560;04
bitset;2048;clang++;-O2;185.48;6.143408338;05
bitset;2048;clang++;-O2;182.25;6.175852966;06
bitset;2048;clang++;-O2;189.31;6.183019616;07
bitset;2048;clang++;-O2;185.56;6.181392015;08
bitset;2048;clang++;-O2;185.75;6.156720430;09
bitset;2048;clang++;-O2;184.78;6.127928787;10
bitset;2048;clang++;-O2;185.01;6.127216145;11
bitset;2048;clang++;-O2;183.42;6.171599509;12
bitset;2048;clang++;-O2;184.99;6.126003730;13
bitset;2048;clang++;-O2;185.74;6.156018388;14
bitset;2048;clang++;-O2;185.83;6.136920637;15
bitset;2048;clang++;-O2;185.65;6.180497524;16
bitset;2048;clang++;-O2;186.06;6.125758152;17
bitset;2048;clang++;-O2;185.57;6.127076254;18
bitset;2048;clang++;-O2;185.70;6.179748254;19
bitset;2048;clang++;-O2;185.83;6.171463565;20
bitset;2048;clang++;-O2;186.06;6.156591328;21
bitset;2048;clang++;-O2;183.76;6.127074100;22
bitset;2048;clang++;-O2;185.18;6.129222143;23
bitset;2048;clang++;-O2;185.89;6.187564077;24
bitset;2048;clang++;-O2;185.83;6.165047988;25
bitset;2048;clang++;-O2;185.72;6.156196842;26
bitset;2048;clang++;-O2;184.85;6.163010331;27
bitset;2048;clang++;-O2;183.04;6.128986594;28
bitset;2048;clang++;-O2;185.67;6.179957615;29
bitset;2048;clang++;-O2;185.77;6.156165092;30
bitset;2048;clang++;-O2;182.08;6.163189526;31
bitset;2048;clang++;-O2;185.85;6.179666281;32
bitset;2048;clang++;-O2;185.96;6.181867714;33
bitset;2048;clang++;-O2;185.42;6.127120406;34
bitset;2048;clang++;-O2;185.20;6.148121614;35
bitset;2048;clang++;-O2;182.92;6.129812596;36
bitset;2048;clang++;-O2;185.73;6.179664999;37
bitset;2048;clang++;-O2;185.77;6.180618129;38
bitset;2048;clang++;-O2;182.34;6.147648590;39
bitset;2048;clang++;-O2;182.32;6.178251137;40
bitset;2048;clang++;-O2;185.88;6.147944784;41
bitset;2048;clang++;-O2;185.65;6.156677730;42
bitset;2048;clang++;-O2;182.80;6.145387145;43
bitset;2048;clang++;-O2;185.68;6.156498425;44
bitset;2048;clang++;-O2;185.96;6.137604174;45
bitset;2048;clang++;-O2;185.68;6.179330553;46
bitset;2048;clang++;-O2;182.06;6.161806532;47
bitset;2048;clang++;-O2;185.69;6.156146708;48
bitset;2048;clang++;-O2;185.69;6.180211460;49
bitset;2048;clang++;-O2;185.72;6.125760886;50
bitset;2048;clang++;-O2;185.88;6.180922287;51
bitset;2048;clang++;-O2;185.49;6.124926828;52
bitset;2048;clang++;-O2;185.90;6.182545120;53
bitset;2048;clang++;-O2;183.29;6.126808593;54
bitset;2048;clang++;-O2;185.30;6.151558976;55
bitset;2048;clang++;-O2;185.20;6.125886532;56
bitset;2048;clang++;-O2;186.03;6.158676265;57
bitset;2048;clang++;-O2;185.44;6.126403767;58
bitset;2048;clang++;-O2;182.06;6.183507286;59
bitset;2048;clang++;-O2;186.14;6.108299764;60
bitset;2048;clang++;-O2;182.84;6.128327482;61
bitset;2048;clang++;-O2;185.12;6.129013573;62
bitset;2048;clang++;-O2;185.67;6.125510699;63
bitset;2048;clang++;-O2;183.07;6.177216844;64
bitset;2048;clang++;-O2;185.83;6.181950709;65
bitset;2048;clang++;-O2;182.40;6.182343061;66
bitset;2048;clang++;-O2;182.40;6.131809327;67
bitset;2048;clang++;-O2;183.21;6.148124921;68
bitset;2048;clang++;-O2;184.67;6.128182501;69
bitset;2048;clang++;-O2;182.77;6.129653520;70
bitset;2048;clang++;-O2;182.08;6.135048819;71
bitset;2048;clang++;-O2;184.60;6.130809920;72
bitset;2048;clang++;-O2;185.12;6.126095031;73
bitset;2048;clang++;-O2;185.47;6.180288834;74
bitset;2048;clang++;-O2;187.31;6.161583235;75
bitset;2048;clang++;-O2;184.87;6.184295029;76
bitset;2048;clang++;-O2;185.57;6.180948737;77
bitset;2048;clang++;-O2;185.15;6.128914289;78
bitset;2048;clang++;-O2;185.42;6.156145485;79
bitset;2048;clang++;-O2;182.61;6.184695016;80
bitset;2048;clang++;-O2;182.00;6.179625625;81
bitset;2048;clang++;-O2;182.37;6.179007861;82
bitset;2048;clang++;-O2;185.81;6.180435318;83
bitset;2048;clang++;-O2;185.51;6.181134885;84
bitset;2048;clang++;-O2;185.76;6.183486208;85
bitset;2048;clang++;-O2;185.49;6.180583534;86
bitset;2048;clang++;-O2;185.44;6.179572756;87
bitset;2048;clang++;-O2;182.88;6.134594140;88
bitset;2048;clang++;-O2;185.62;6.179111845;89
bitset;2048;clang++;-O2;185.21;6.133718644;90
bitset;2048;clang++;-O2;184.75;6.128523509;91
bitset;2048;clang++;-O2;182.30;6.133425206;92
bitset;2048;clang++;-O2;184.81;6.128736195;93
bitset;2048;clang++;-O2;185.06;6.155552818;94
bitset;2048;clang++;-O2;182.29;6.156996666;95
bitset;2048;clang++;-O2;185.14;6.167325945;96
bitset;2048;clang++;-O2;182.11;6.135073325;97
bitset;2048;clang++;-O2;181.88;6.138037915;98
bitset;2048;clang++;-O2;185.47;6.178941798;99
bvector;512;clang++;-O2;46.52;1.525354278;00
bvector;512;clang++;-O2;45.90;1.525490042;01
bvector;512;clang++;-O2;46.89;1.536371602;02
bvector;512;clang++;-O2;46.44;1.544118146;03
bvector;512;clang++;-O2;47.04;1.537014744;04
bvector;512;clang++;-O2;46.72;1.532427333;05
bvector;512;clang++;-O2;46.51;1.536198239;06
bvector;512;clang++;-O2;46.88;1.536049000;07
bvector;512;clang++;-O2;46.04;1.533576069;08
bvector;512;clang++;-O2;46.58;1.532294154;09
bvector;512;clang++;-O2;46.72;1.529205404;10
bvector;512;clang++;-O2;45.64;1.539475923;11
bvector;512;clang++;-O2;45.92;1.529861519;12
bvector;512;clang++;-O2;46.64;1.534084760;13
bvector;512;clang++;-O2;46.56;1.525712458;14
bvector;512;clang++;-O2;46.29;1.544103529;15
bvector;512;clang++;-O2;46.28;1.524984838;16
bvector;512;clang++;-O2;46.20;1.525725492;17
bvector;512;clang++;-O2;46.33;1.539959627;18
bvector;512;clang++;-O2;47.09;1.539144173;19
bvector;512;clang++;-O2;46.65;1.530128939;20
bvector;512;clang++;-O2;46.50;1.529681303;21
bvector;512;clang++;-O2;46.29;1.529819582;22
bvector;512;clang++;-O2;45.75;1.529667387;23
bvector;512;clang++;-O2;46.39;1.530920979;24
bvector;512;clang++;-O2;45.87;1.543538874;25
bvector;512;clang++;-O2;46.38;1.530399354;26
bvector;512;clang++;-O2;46.29;1.539058152;27
bvector;512;clang++;-O2;47.15;1.539343154;28
bvector;512;clang++;-O2;45.84;1.535197359;29
bvector;512;clang++;-O2;46.38;1.528397444;30
bvector;512;clang++;-O2;46.06;1.541975983;31
bvector;512;clang++;-O2;46.31;1.528688508;32
bvector;512;clang++;-O2;46.40;1.544273056;33
bvector;512;clang++;-O2;46.53;1.529083577;34
bvector;512;clang++;-O2;46.82;1.540107112;35
bvector;512;clang++;-O2;46.60;1.529585995;36
bvector;512;clang++;-O2;46.83;1.534390511;37
bvector;512;clang++;-O2;46.67;1.541928555;38
bvector;512;clang++;-O2;46.61;1.529880044;39
bvector;512;clang++;-O2;45.85;1.526415351;40
bvector;512;clang++;-O2;46.27;1.529803291;41
bvector;512;clang++;-O2;46.43;1.542199010;42
bvector;512;clang++;-O2;46.32;1.525065158;43
bvector;512;clang++;-O2;45.88;1.533980245;44
bvector;512;clang++;-O2;46.03;1.530614857;45
bvector;512;clang++;-O2;46.37;1.541880595;46
bvector;512;clang++;-O2;46.45;1.527064243;47
bvector;512;clang++;-O2;45.66;1.536964571;48
bvector;512;clang++;-O2;46.43;1.535517698;49
bvector;512;clang++;-O2;46.42;1.525090947;50
bvector;512;clang++;-O2;46.43;1.543349099;51
bvector;512;clang++;-O2;46.52;1.524829538;52
bvector;512;clang++;-O2;46.22;1.539260440;53
bvector;512;clang++;-O2;46.08;1.527447720;54
bvector;512;clang++;-O2;46.59;1.532599645;55
bvector;512;clang++;-O2;46.73;1.534092735;56
bvector;512;clang++;-O2;46.77;1.532298292;57
bvector;512;clang++;-O2;46.36;1.543223123;58
bvector;512;clang++;-O2;46.74;1.532512121;59
bvector;512;clang++;-O2;46.74;1.542805273;60
bvector;512;clang++;-O2;46.29;1.525989144;61
bvector;512;clang++;-O2;46.48;1.530877217;62
bvector;512;clang++;-O2;46.50;1.530490054;63
bvector;512;clang++;-O2;45.86;1.535955205;64
bvector;512;clang++;-O2;45.94;1.526271061;65
bvector;512;clang++;-O2;46.71;1.534181410;66
bvector;512;clang++;-O2;46.50;1.524829137;67
bvector;512;clang++;-O2;46.27;1.525911569;68
bvector;512;clang++;-O2;46.32;1.530708592;69
bvector;512;clang++;-O2;46.69;1.536016349;70
bvector;512;clang++;-O2;46.37;1.524918905;71
bvector;512;clang++;-O2;46.34;1.530941197;72
bvector;512;clang++;-O2;46.67;1.534083098;73
bvector;512;clang++;-O2;46.87;1.532392588;74
bvector;512;clang++;-O2;46.56;1.530149477;75
bvector;512;clang++;-O2;46.35;1.529274974;76
bvector;512;clang++;-O2;46.59;1.532248289;77
bvector;512;clang++;-O2;46.70;1.534771834;78
bvector;512;clang++;-O2;46.67;1.532276722;79
bvector;512;clang++;-O2;46.25;1.540027093;80
bvector;512;clang++;-O2;46.42;1.524734640;81
bvector;512;clang++;-O2;46.17;1.539230855;82
bvector;512;clang++;-O2;46.17;1.539580819;83
bvector;512;clang++;-O2;46.39;1.539667921;84
bvector;512;clang++;-O2;46.01;1.524315387;85
bvector;512;clang++;-O2;46.11;1.526145927;86
bvector;512;clang++;-O2;46.13;1.537123697;87
bvector;512;clang++;-O2;46.43;1.529486659;88
bvector;512;clang++;-O2;46.76;1.536099615;89
bvector;512;clang++;-O2;46.31;1.524995178;90
bvector;512;clang++;-O2;46.39;1.528792342;91
bvector;512;clang++;-O2;46.58;1.530526812;92
bvector;512;clang++;-O2;46.08;1.527086404;93
bvector;512;clang++;-O2;46.06;1.538861474;94
bvector;512;clang++;-O2;46.50;1.543845015;95
bvector;512;clang++;-O2;46.62;1.533592069;96
bvector;512;clang++;-O2;46.61;1.529611161;97
bvector;512;clang++;-O2;46.74;1.532691497;98
bvector;512;clang++;-O2;46.81;1.537274129;99
bvector;1024;clang++;-O2;92.71;3.051737499;00
bvector;1024;clang++;-O2;93.46;3.070867592;01
bvector;1024;clang++;-O2;92.52;3.078456600;02
bvector;1024;clang++;-O2;92.54;3.084876545;03
bvector;1024;clang++;-O2;92.38;3.084166198;04
bvector;1024;clang++;-O2;94.09;3.030605377;05
bvector;1024;clang++;-O2;92.01;3.082134421;06
bvector;1024;clang++;-O2;92.69;3.054458863;07
bvector;1024;clang++;-O2;92.55;3.080499116;08
bvector;1024;clang++;-O2;92.63;3.084995537;09
bvector;1024;clang++;-O2;92.12;3.053190073;10
bvector;1024;clang++;-O2;94.10;3.048086087;11
bvector;1024;clang++;-O2;93.05;3.053469776;12
bvector;1024;clang++;-O2;93.66;3.071234065;13
bvector;1024;clang++;-O2;92.46;3.084304837;14
bvector;1024;clang++;-O2;92.36;3.076663520;15
bvector;1024;clang++;-O2;93.08;3.042309725;16
bvector;1024;clang++;-O2;93.65;3.070180167;17
bvector;1024;clang++;-O2;93.55;3.064947039;18
bvector;1024;clang++;-O2;92.28;3.083580093;19
bvector;1024;clang++;-O2;92.06;3.055199748;20
bvector;1024;clang++;-O2;93.29;3.071568440;21
bvector;1024;clang++;-O2;93.45;3.071167201;22
bvector;1024;clang++;-O2;92.62;3.084734890;23
bvector;1024;clang++;-O2;91.85;3.056913189;24
bvector;1024;clang++;-O2;93.41;3.067431411;25
bvector;1024;clang++;-O2;92.83;3.056364655;26
bvector;1024;clang++;-O2;93.53;3.069495137;27
bvector;1024;clang++;-O2;92.26;3.085081528;28
bvector;1024;clang++;-O2;93.59;3.070716859;29
bvector;1024;clang++;-O2;91.46;3.073281351;30
bvector;1024;clang++;-O2;92.72;3.081412442;31
bvector;1024;clang++;-O2;92.22;3.054233814;32
bvector;1024;clang++;-O2;92.71;3.081837817;33
bvector;1024;clang++;-O2;93.15;3.076059582;34
bvector;1024;clang++;-O2;91.95;3.056937154;35
bvector;1024;clang++;-O2;93.41;3.069564878;36
bvector;1024;clang++;-O2;92.66;3.085654768;37
bvector;1024;clang++;-O2;92.78;3.054451660;38
bvector;1024;clang++;-O2;92.94;3.051327032;39
bvector;1024;clang++;-O2;93.48;3.070261869;40
bvector;1024;clang++;-O2;91.34;3.064745954;41
bvector;1024;clang++;-O2;92.66;3.084914205;42
bvector;1024;clang++;-O2;92.69;3.056173317;43
bvector;1024;clang++;-O2;92.83;3.084660010;44
bvector;1024;clang++;-O2;92.52;3.053617201;45
bvector;1024;clang++;-O2;92.79;3.084670470;46
bvector;1024;clang++;-O2;93.86;3.069184296;47
bvector;1024;clang++;-O2;92.63;3.083609667;48
bvector;1024;clang++;-O2;93.85;3.033306643;49
bvector;1024;clang++;-O2;92.91;3.084082201;50
bvector;1024;clang++;-O2;92.56;3.055307810;51
bvector;1024;clang++;-O2;92.39;3.056769010;52
bvector;1024;clang++;-O2;93.53;3.067627027;53
bvector;1024;clang++;-O2;92.51;3.071787871;54
bvector;1024;clang++;-O2;91.83;3.057513972;55
bvector;1024;clang++;-O2;92.01;3.076053891;56
bvector;1024;clang++;-O2;92.50;3.078603194;57
bvector;1024;clang++;-O2;93.17;3.085293849;58
bvector;1024;clang++;-O2;92.90;3.075910749;59
bvector;1024;clang++;-O2;92.42;3.052161536;60
bvector;1024;clang++;-O2;92.60;3.083078572;61
bvector;1024;clang++;-O2;92.58;3.054861981;62
bvector;1024;clang++;-O2;91.42;3.059930652;63
bvector;1024;clang++;-O2;91.81;3.078168728;64
bvector;1024;clang++;-O2;92.92;3.085147037;65
bvector;1024;clang++;-O2;92.84;3.058007258;66
bvector;1024;clang++;-O2;93.20;3.065833761;67
bvector;1024;clang++;-O2;92.94;3.054607817;68
bvector;1024;clang++;-O2;92.77;3.081750981;69
bvector;1024;clang++;-O2;92.95;3.054999328;70
bvector;1024;clang++;-O2;92.90;3.085058942;71
bvector;1024;clang++;-O2;93.74;3.063747163;72
bvector;1024;clang++;-O2;92.73;3.082359288;73
bvector;1024;clang++;-O2;92.66;3.057045831;74
bvector;1024;clang++;-O2;93.83;3.068499402;75
bvector;1024;clang++;-O2;92.69;3.054448508;76
bvector;1024;clang++;-O2;92.84;3.085487703;77
bvector;1024;clang++;-O2;93.24;3.053631121;78
bvector;1024;clang++;-O2;93.52;3.073166913;79
bvector;1024;clang++;-O2;93.76;3.070366841;80
bvector;1024;clang++;-O2;93.04;3.084616926;81
bvector;1024;clang++;-O2;92.47;3.048049844;82
bvector;1024;clang++;-O2;92.82;3.085396031;83
bvector;1024;clang++;-O2;92.42;3.049541420;84
bvector;1024;clang++;-O2;92.46;3.077184148;85
bvector;1024;clang++;-O2;93.47;3.065715891;86
bvector;1024;clang++;-O2;92.48;3.047315401;87
bvector;1024;clang++;-O2;93.37;3.070004353;88
bvector;1024;clang++;-O2;92.47;3.061675382;89
bvector;1024;clang++;-O2;92.42;3.054552973;90
bvector;1024;clang++;-O2;93.94;3.071496371;91
bvector;1024;clang++;-O2;92.28;3.065544981;92
bvector;1024;clang++;-O2;93.70;3.068517406;93
bvector;1024;clang++;-O2;92.72;3.055812477;94
bvector;1024;clang++;-O2;93.54;3.070170103;95
bvector;1024;clang++;-O2;92.78;3.055705838;96
bvector;1024;clang++;-O2;93.62;3.069179943;97
bvector;1024;clang++;-O2;92.93;3.085282900;98
bvector;1024;clang++;-O2;93.73;3.065270780;99
bvector;2048;clang++;-O2;187.57;6.137866404;00
bvector;2048;clang++;-O2;189.21;6.138450897;01
bvector;2048;clang++;-O2;187.55;6.135990199;02
bvector;2048;clang++;-O2;187.10;6.132143241;03
bvector;2048;clang++;-O2;184.01;6.106137692;04
bvector;2048;clang++;-O2;185.39;6.163420430;05
bvector;2048;clang++;-O2;185.66;6.165640538;06
bvector;2048;clang++;-O2;187.29;6.166110176;07
bvector;2048;clang++;-O2;189.47;6.116488482;08
bvector;2048;clang++;-O2;185.29;6.100396936;09
bvector;2048;clang++;-O2;185.84;6.165806819;10
bvector;2048;clang++;-O2;186.28;6.165239729;11
bvector;2048;clang++;-O2;185.87;6.159692054;12
bvector;2048;clang++;-O2;185.60;6.164268945;13
bvector;2048;clang++;-O2;185.67;6.108405419;14
bvector;2048;clang++;-O2;185.33;6.107393638;15
bvector;2048;clang++;-O2;186.98;6.138119768;16
bvector;2048;clang++;-O2;185.58;6.165470400;17
bvector;2048;clang++;-O2;187.48;6.136097149;18
bvector;2048;clang++;-O2;185.83;6.167393694;19
bvector;2048;clang++;-O2;188.06;6.138043506;20
bvector;2048;clang++;-O2;183.70;6.108737840;21
bvector;2048;clang++;-O2;185.97;6.165803453;22
bvector;2048;clang++;-O2;185.47;6.157922046;23
bvector;2048;clang++;-O2;185.75;6.103903147;24
bvector;2048;clang++;-O2;185.68;6.164312417;25
bvector;2048;clang++;-O2;186.01;6.106076738;26
bvector;2048;clang++;-O2;184.34;6.135892858;27
bvector;2048;clang++;-O2;187.18;6.135420825;28
bvector;2048;clang++;-O2;184.69;6.139922116;29
bvector;2048;clang++;-O2;185.56;6.160499643;30
bvector;2048;clang++;-O2;185.89;6.103681994;31
bvector;2048;clang++;-O2;184.51;6.152364653;32
bvector;2048;clang++;-O2;185.22;6.153335467;33
bvector;2048;clang++;-O2;183.82;6.106290307;34
bvector;2048;clang++;-O2;185.69;6.159739582;35
bvector;2048;clang++;-O2;184.26;6.103003467;36
bvector;2048;clang++;-O2;185.21;6.104282656;37
bvector;2048;clang++;-O2;187.38;6.161388033;38
bvector;2048;clang++;-O2;185.19;6.120280166;39
bvector;2048;clang++;-O2;185.48;6.106004073;40
bvector;2048;clang++;-O2;183.45;6.104637699;41
bvector;2048;clang++;-O2;185.66;6.164877733;42
bvector;2048;clang++;-O2;185.57;6.100155956;43
bvector;2048;clang++;-O2;185.32;6.165684520;44
bvector;2048;clang++;-O2;184.26;6.139294673;45
bvector;2048;clang++;-O2;185.91;6.162028289;46
bvector;2048;clang++;-O2;184.39;6.163421883;47
bvector;2048;clang++;-O2;185.25;6.159020319;48
bvector;2048;clang++;-O2;186.32;6.153893820;49
bvector;2048;clang++;-O2;185.61;6.164771845;50
bvector;2048;clang++;-O2;185.06;6.100862786;51
bvector;2048;clang++;-O2;185.39;6.158569176;52
bvector;2048;clang++;-O2;184.08;6.160484224;53
bvector;2048;clang++;-O2;184.00;6.146748641;54
bvector;2048;clang++;-O2;186.98;6.134375221;55
bvector;2048;clang++;-O2;185.31;6.164672650;56
bvector;2048;clang++;-O2;183.58;6.108405349;57
bvector;2048;clang++;-O2;185.61;6.162083141;58
bvector;2048;clang++;-O2;187.55;6.133932645;59
bvector;2048;clang++;-O2;184.18;6.109608808;60
bvector;2048;clang++;-O2;185.82;6.136023671;61
bvector;2048;clang++;-O2;182.85;6.102996844;62
bvector;2048;clang++;-O2;184.44;6.159139852;63
bvector;2048;clang++;-O2;186.44;6.166400177;64
bvector;2048;clang++;-O2;184.11;6.106301107;65
bvector;2048;clang++;-O2;185.80;6.165566220;66
bvector;2048;clang++;-O2;186.54;6.160881436;67
bvector;2048;clang++;-O2;185.63;6.163887252;68
bvector;2048;clang++;-O2;184.47;6.108336430;69
bvector;2048;clang++;-O2;186.16;6.165078038;70
bvector;2048;clang++;-O2;185.25;6.132506640;71
bvector;2048;clang++;-O2;185.96;6.164496971;72
bvector;2048;clang++;-O2;183.34;6.107987478;73
bvector;2048;clang++;-O2;182.65;6.114105539;74
bvector;2048;clang++;-O2;185.48;6.164860571;75
bvector;2048;clang++;-O2;185.12;6.157545894;76
bvector;2048;clang++;-O2;183.44;6.109139260;77
bvector;2048;clang++;-O2;184.34;6.157293513;78
bvector;2048;clang++;-O2;184.07;6.151490630;79
bvector;2048;clang++;-O2;185.49;6.099500251;80
bvector;2048;clang++;-O2;183.89;6.109533437;81
bvector;2048;clang++;-O2;185.89;6.160644694;82
bvector;2048;clang++;-O2;185.51;6.162934753;83
bvector;2048;clang++;-O2;183.74;6.122892437;84
bvector;2048;clang++;-O2;186.85;6.139116310;85
bvector;2048;clang++;-O2;184.64;6.160154498;86
bvector;2048;clang++;-O2;184.06;6.115925800;87
bvector;2048;clang++;-O2;187.57;6.134368199;88
bvector;2048;clang++;-O2;187.74;6.138643487;89
bvector;2048;clang++;-O2;185.32;6.158430678;90
bvector;2048;clang++;-O2;186.80;6.133599002;91
bvector;2048;clang++;-O2;185.32;6.165903359;92
bvector;2048;clang++;-O2;185.49;6.165304511;93
bvector;2048;clang++;-O2;183.44;6.113603462;94
bvector;2048;clang++;-O2;185.57;6.162587714;95
bvector;2048;clang++;-O2;185.71;6.159893130;96
bvector;2048;clang++;-O2;185.91;6.161304597;97
bvector;2048;clang++;-O2;188.47;6.137821641;98
bvector;2048;clang++;-O2;185.94;6.116990709;99
cvector;512;clang++;-O2;6.42;0.229735292;00
cvector;512;clang++;-O2;6.56;0.228629225;01
cvector;512;clang++;-O2;6.40;0.229124571;02
cvector;512;clang++;-O2;6.45;0.229540929;03
cvector;512;clang++;-O2;6.50;0.228587968;04
cvector;512;clang++;-O2;6.77;0.229733088;05
cvector;512;clang++;-O2;6.46;0.228572739;06
cvector;512;clang++;-O2;6.46;0.229847011;07
cvector;512;clang++;-O2;6.43;0.229017280;08
cvector;512;clang++;-O2;6.43;0.229672975;09
cvector;512;clang++;-O2;6.60;0.229782620;10
cvector;512;clang++;-O2;6.45;0.230001449;11
cvector;512;clang++;-O2;6.50;0.228639775;12
cvector;512;clang++;-O2;6.42;0.229102830;13
cvector;512;clang++;-O2;6.45;0.228959012;14
cvector;512;clang++;-O2;6.45;0.229277366;15
cvector;512;clang++;-O2;6.42;0.228727208;16
cvector;512;clang++;-O2;6.38;0.229561406;17
cvector;512;clang++;-O2;6.50;0.228718693;18
cvector;512;clang++;-O2;6.41;0.229931368;19
cvector;512;clang++;-O2;6.48;0.228806406;20
cvector;512;clang++;-O2;6.58;0.228954332;21
cvector;512;clang++;-O2;6.45;0.229528285;22
cvector;512;clang++;-O2;6.47;0.229524478;23
cvector;512;clang++;-O2;6.41;0.229008503;24
cvector;512;clang++;-O2;6.45;0.230004254;25
cvector;512;clang++;-O2;6.45;0.228947610;26
cvector;512;clang++;-O2;6.45;0.229530269;27
cvector;512;clang++;-O2;6.43;0.229972425;28
cvector;512;clang++;-O2;6.46;0.228641658;29
cvector;512;clang++;-O2;6.45;0.229675911;30
cvector;512;clang++;-O2;6.44;0.229644001;31
cvector;512;clang++;-O2;6.48;0.228961496;32
cvector;512;clang++;-O2;6.47;0.228662087;33
cvector;512;clang++;-O2;6.47;0.229216762;34
cvector;512;clang++;-O2;6.37;0.229875925;35
cvector;512;clang++;-O2;6.44;0.228791749;36
cvector;512;clang++;-O2;6.42;0.229570924;37
cvector;512;clang++;-O2;6.41;0.229607754;38
cvector;512;clang++;-O2;6.67;0.230054628;39
cvector;512;clang++;-O2;6.39;0.229905630;40
cvector;512;clang++;-O2;6.62;0.228654583;41
cvector;512;clang++;-O2;6.37;0.229623713;42
cvector;512;clang++;-O2;6.49;0.229433087;43
cvector;512;clang++;-O2;6.44;0.228711298;44
cvector;512;clang++;-O2;6.39;0.229696439;45
cvector;512;clang++;-O2;6.45;0.229831762;46
cvector;512;clang++;-O2;6.39;0.228988587;47
cvector;512;clang++;-O2;6.40;0.229631318;48
cvector;512;clang++;-O2;6.42;0.229227433;49
cvector;512;clang++;-O2;6.45;0.229327409;50
cvector;512;clang++;-O2;6.42;0.229451081;51
cvector;512;clang++;-O2;6.62;0.228553183;52
cvector;512;clang++;-O2;6.39;0.229706298;53
cvector;512;clang++;-O2;6.43;0.229205672;54
cvector;512;clang++;-O2;6.44;0.229987553;55
cvector;512;clang++;-O2;6.44;0.230581964;56
cvector;512;clang++;-O2;6.47;0.228626240;57
cvector;512;clang++;-O2;6.49;0.229152803;58
cvector;512;clang++;-O2;6.39;0.229261456;59
cvector;512;clang++;-O2;6.46;0.229424070;60
cvector;512;clang++;-O2;6.44;0.230273286;61
cvector;512;clang++;-O2;6.39;0.229800633;62
cvector;512;clang++;-O2;6.48;0.229823086;63
cvector;512;clang++;-O2;6.42;0.229606812;64
cvector;512;clang++;-O2;6.42;0.229973547;65
cvector;512;clang++;-O2;6.48;0.229012862;66
cvector;512;clang++;-O2;6.40;0.229848944;67
cvector;512;clang++;-O2;6.39;0.229005328;68
cvector;512;clang++;-O2;6.50;0.228976134;69
cvector;512;clang++;-O2;6.41;0.229823346;70
cvector;512;clang++;-O2;6.46;0.229436784;71
cvector;512;clang++;-O2;6.57;0.229767441;72
cvector;512;clang++;-O2;6.47;0.229050994;73
cvector;512;clang++;-O2;6.45;0.229354751;74
cvector;512;clang++;-O2;6.38;0.229894870;75
cvector;512;clang++;-O2;6.43;0.229304056;76
cvector;512;clang++;-O2;6.43;0.228921672;77
cvector;512;clang++;-O2;6.43;0.228940016;78
cvector;512;clang++;-O2;6.42;0.229678786;79
cvector;512;clang++;-O2;6.46;0.229471308;80
cvector;512;clang++;-O2;6.37;0.229882848;81
cvector;512;clang++;-O2;6.48;0.229229907;82
cvector;512;clang++;-O2;6.64;0.230122585;83
cvector;512;clang++;-O2;6.43;0.230058846;84
cvector;512;clang++;-O2;6.48;0.230335754;85
cvector;512;clang++;-O2;6.44;0.229588979;86
cvector;512;clang++;-O2;6.47;0.230084223;87
cvector;512;clang++;-O2;6.43;0.228669561;88
cvector;512;clang++;-O2;6.46;0.229824058;89
cvector;512;clang++;-O2;6.40;0.229913936;90
cvector;512;clang++;-O2;6.51;0.228712581;91
cvector;512;clang++;-O2;6.39;0.229891002;92
cvector;512;clang++;-O2;6.45;0.230015505;93
cvector;512;clang++;-O2;6.58;0.229944172;94
cvector;512;clang++;-O2;6.46;0.230000567;95
cvector;512;clang++;-O2;6.46;0.230028299;96
cvector;512;clang++;-O2;6.41;0.230040502;97
cvector;512;clang++;-O2;6.47;0.229032799;98
cvector;512;clang++;-O2;6.39;0.229902524;99
cvector;1024;clang++;-O2;12.76;0.455962178;00
cvector;1024;clang++;-O2;12.73;0.455656167;01
cvector;1024;clang++;-O2;12.75;0.454464841;02
cvector;1024;clang++;-O2;12.75;0.456159247;03
cvector;1024;clang++;-O2;12.72;0.454967750;04
cvector;1024;clang++;-O2;12.72;0.454783455;05
cvector;1024;clang++;-O2;12.74;0.455585004;06
cvector;1024;clang++;-O2;12.68;0.454068280;07
cvector;1024;clang++;-O2;12.69;0.455059813;08
cvector;1024;clang++;-O2;12.77;0.454073089;09
cvector;1024;clang++;-O2;12.71;0.455120766;10
cvector;1024;clang++;-O2;12.74;0.453965668;11
cvector;1024;clang++;-O2;12.74;0.454777615;12
cvector;1024;clang++;-O2;12.74;0.455135764;13
cvector;1024;clang++;-O2;12.75;0.454954786;14
cvector;1024;clang++;-O2;12.79;0.455126657;15
cvector;1024;clang++;-O2;12.67;0.453828843;16
cvector;1024;clang++;-O2;12.78;0.454185288;17
cvector;1024;clang++;-O2;12.68;0.455182301;18
cvector;1024;clang++;-O2;12.75;0.455063649;19
cvector;1024;clang++;-O2;12.72;0.455731297;20
cvector;1024;clang++;-O2;12.76;0.456263161;21
cvector;1024;clang++;-O2;12.74;0.454178736;22
cvector;1024;clang++;-O2;12.79;0.455655726;23
cvector;1024;clang++;-O2;12.81;0.455549156;24
cvector;1024;clang++;-O2;12.79;0.456344763;25
cvector;1024;clang++;-O2;12.77;0.454982257;26
cvector;1024;clang++;-O2;12.77;0.455031299;27
cvector;1024;clang++;-O2;12.69;0.455737679;28
cvector;1024;clang++;-O2;12.62;0.455123130;29
cvector;1024;clang++;-O2;12.74;0.456154497;30
cvector;1024;clang++;-O2;12.74;0.455753789;31
cvector;1024;clang++;-O2;12.76;0.454757688;32
cvector;1024;clang++;-O2;12.79;0.455748719;33
cvector;1024;clang++;-O2;12.73;0.454943895;34
cvector;1024;clang++;-O2;12.78;0.456157213;35
cvector;1024;clang++;-O2;12.73;0.454975134;36
cvector;1024;clang++;-O2;12.74;0.454068119;37
cvector;1024;clang++;-O2;12.84;0.454764841;38
cvector;1024;clang++;-O2;12.70;0.456404956;39
cvector;1024;clang++;-O2;12.74;0.453871061;40
cvector;1024;clang++;-O2;12.70;0.454381836;41
cvector;1024;clang++;-O2;12.71;0.455541613;42
cvector;1024;clang++;-O2;12.75;0.455064080;43
cvector;1024;clang++;-O2;12.84;0.456440832;44
cvector;1024;clang++;-O2;12.66;0.454225003;45
cvector;1024;clang++;-O2;12.91;0.454914921;46
cvector;1024;clang++;-O2;12.76;0.456480286;47
cvector;1024;clang++;-O2;12.68;0.454906837;48
cvector;1024;clang++;-O2;12.69;0.456086320;49
cvector;1024;clang++;-O2;12.69;0.454341430;50
cvector;1024;clang++;-O2;12.74;0.455090460;51
cvector;1024;clang++;-O2;12.75;0.455058250;52
cvector;1024;clang++;-O2;12.72;0.456178201;53
cvector;1024;clang++;-O2;12.90;0.454805387;54
cvector;1024;clang++;-O2;12.68;0.455906595;55
cvector;1024;clang++;-O2;12.74;0.454246552;56
cvector;1024;clang++;-O2;12.73;0.455569505;57
cvector;1024;clang++;-O2;12.73;0.455104515;58
cvector;1024;clang++;-O2;12.72;0.454904081;59
cvector;1024;clang++;-O2;12.73;0.456085899;60
cvector;1024;clang++;-O2;12.72;0.456227884;61
cvector;1024;clang++;-O2;12.85;0.453871953;62
cvector;1024;clang++;-O2;12.79;0.454419837;63
cvector;1024;clang++;-O2;12.74;0.455361286;64
cvector;1024;clang++;-O2;12.76;0.455142637;65
cvector;1024;clang++;-O2;12.81;0.454275617;66
cvector;1024;clang++;-O2;12.65;0.455790708;67
cvector;1024;clang++;-O2;12.66;0.455656588;68
cvector;1024;clang++;-O2;12.71;0.455651227;69
cvector;1024;clang++;-O2;12.90;0.454823841;70
cvector;1024;clang++;-O2;12.65;0.454899553;71
cvector;1024;clang++;-O2;12.73;0.455670444;72
cvector;1024;clang++;-O2;12.71;0.455376323;73
cvector;1024;clang++;-O2;12.65;0.456072264;74
cvector;1024;clang++;-O2;12.70;0.455571819;75
cvector;1024;clang++;-O2;12.65;0.454263905;76
cvector;1024;clang++;-O2;12.91;0.456102360;77
cvector;1024;clang++;-O2;12.90;0.454376125;78
cvector;1024;clang++;-O2;12.76;0.454395461;79
cvector;1024;clang++;-O2;12.80;0.455447888;80
cvector;1024;clang++;-O2;12.72;0.456308916;81
cvector;1024;clang++;-O2;12.75;0.456434230;82
cvector;1024;clang++;-O2;12.80;0.453961370;83
cvector;1024;clang++;-O2;12.65;0.455588069;84
cvector;1024;clang++;-O2;12.76;0.454554057;85
cvector;1024;clang++;-O2;12.89;0.454787273;86
cvector;1024;clang++;-O2;12.71;0.456252320;87
cvector;1024;clang++;-O2;12.70;0.454890416;88
cvector;1024;clang++;-O2;12.67;0.454006313;89
cvector;1024;clang++;-O2;12.74;0.454921825;90
cvector;1024;clang++;-O2;12.69;0.455241201;91
cvector;1024;clang++;-O2;12.82;0.454353783;92
cvector;1024;clang++;-O2;12.74;0.454462446;93
cvector;1024;clang++;-O2;12.87;0.454030760;94
cvector;1024;clang++;-O2;12.79;0.454062850;95
cvector;1024;clang++;-O2;12.75;0.455225312;96
cvector;1024;clang++;-O2;12.95;0.454593351;97
cvector;1024;clang++;-O2;12.72;0.454423593;98
cvector;1024;clang++;-O2;12.77;0.455137828;99
cvector;2048;clang++;-O2;25.33;0.905912865;00
cvector;2048;clang++;-O2;25.54;0.908303582;01
cvector;2048;clang++;-O2;25.32;0.906377844;02
cvector;2048;clang++;-O2;25.44;0.904243245;03
cvector;2048;clang++;-O2;25.37;0.907389413;04
cvector;2048;clang++;-O2;25.34;0.908027476;05
cvector;2048;clang++;-O2;25.35;0.905731767;06
cvector;2048;clang++;-O2;25.33;0.908214815;07
cvector;2048;clang++;-O2;25.33;0.905451523;08
cvector;2048;clang++;-O2;25.32;0.905584181;09
cvector;2048;clang++;-O2;25.24;0.907764665;10
cvector;2048;clang++;-O2;25.21;0.907785593;11
cvector;2048;clang++;-O2;25.40;0.906696239;12
cvector;2048;clang++;-O2;25.51;0.907158281;13
cvector;2048;clang++;-O2;25.27;0.907998902;14
cvector;2048;clang++;-O2;25.37;0.906375809;15
cvector;2048;clang++;-O2;25.26;0.905975172;16
cvector;2048;clang++;-O2;25.43;0.910202930;17
cvector;2048;clang++;-O2;25.28;0.904264135;18
cvector;2048;clang++;-O2;25.52;0.906424631;19
cvector;2048;clang++;-O2;25.27;0.908590016;20
cvector;2048;clang++;-O2;25.15;0.904524310;21
cvector;2048;clang++;-O2;25.28;0.904394388;22
cvector;2048;clang++;-O2;25.29;0.906415875;23
cvector;2048;clang++;-O2;25.41;0.906467200;24
cvector;2048;clang++;-O2;25.31;0.908144754;25
cvector;2048;clang++;-O2;25.27;0.906334372;26
cvector;2048;clang++;-O2;25.22;0.906474053;27
cvector;2048;clang++;-O2;25.37;0.907020544;28
cvector;2048;clang++;-O2;25.30;0.908294404;29
cvector;2048;clang++;-O2;25.54;0.904627674;30
cvector;2048;clang++;-O2;25.13;0.906656715;31
cvector;2048;clang++;-O2;25.34;0.904256660;32
cvector;2048;clang++;-O2;25.39;0.905347138;33
cvector;2048;clang++;-O2;25.15;0.904748739;34
cvector;2048;clang++;-O2;25.25;0.905862861;35
cvector;2048;clang++;-O2;25.33;0.908415621;36
cvector;2048;clang++;-O2;25.30;0.906341106;37
cvector;2048;clang++;-O2;25.45;0.905770279;38
cvector;2048;clang++;-O2;25.35;0.907860554;39
cvector;2048;clang++;-O2;25.32;0.906783542;40
cvector;2048;clang++;-O2;25.32;0.904357780;41
cvector;2048;clang++;-O2;25.19;0.906115192;42
cvector;2048;clang++;-O2;25.06;0.905422217;43
cvector;2048;clang++;-O2;25.36;0.907872396;44
cvector;2048;clang++;-O2;25.30;0.908212010;45
cvector;2048;clang++;-O2;25.33;0.906051133;46
cvector;2048;clang++;-O2;25.50;0.906699384;47
cvector;2048;clang++;-O2;25.30;0.906074256;48
cvector;2048;clang++;-O2;25.24;0.906081069;49
cvector;2048;clang++;-O2;25.40;0.904328965;50
cvector;2048;clang++;-O2;25.28;0.907971852;51
cvector;2048;clang++;-O2;25.42;0.907907401;52
cvector;2048;clang++;-O2;25.23;0.905431595;53
cvector;2048;clang++;-O2;25.38;0.905276726;54
cvector;2048;clang++;-O2;25.28;0.906134969;55
cvector;2048;clang++;-O2;25.17;0.904837786;56
cvector;2048;clang++;-O2;25.40;0.907243841;57
cvector;2048;clang++;-O2;25.33;0.907955932;58
cvector;2048;clang++;-O2;25.47;0.904500987;59
cvector;2048;clang++;-O2;25.34;0.904344885;60
cvector;2048;clang++;-O2;25.33;0.905853684;61
cvector;2048;clang++;-O2;25.23;0.906188079;62
cvector;2048;clang++;-O2;25.16;0.907713018;63
cvector;2048;clang++;-O2;25.25;0.905829649;64
cvector;2048;clang++;-O2;25.26;0.904132277;65
cvector;2048;clang++;-O2;25.40;0.905333602;66
cvector;2048;clang++;-O2;25.45;0.906257098;67
cvector;2048;clang++;-O2;25.33;0.905997472;68
cvector;2048;clang++;-O2;25.27;0.907512884;69
cvector;2048;clang++;-O2;25.30;0.907080256;70
cvector;2048;clang++;-O2;25.27;0.907062994;71
cvector;2048;clang++;-O2;25.35;0.905676593;72
cvector;2048;clang++;-O2;25.38;0.905902134;73
cvector;2048;clang++;-O2;25.38;0.906603235;74
cvector;2048;clang++;-O2;25.35;0.905340285;75
cvector;2048;clang++;-O2;25.33;0.905758255;76
cvector;2048;clang++;-O2;25.56;0.905574332;77
cvector;2048;clang++;-O2;25.65;0.906335203;78
cvector;2048;clang++;-O2;25.34;0.903862734;79
cvector;2048;clang++;-O2;25.40;0.907023991;80
cvector;2048;clang++;-O2;25.42;0.905758086;81
cvector;2048;clang++;-O2;25.35;0.906347347;82
cvector;2048;clang++;-O2;25.40;0.904980533;83
cvector;2048;clang++;-O2;25.12;0.905853994;84
cvector;2048;clang++;-O2;25.29;0.906972054;85
cvector;2048;clang++;-O2;25.41;0.905040174;86
cvector;2048;clang++;-O2;25.27;0.907201603;87
cvector;2048;clang++;-O2;25.38;0.906278688;88
cvector;2048;clang++;-O2;25.33;0.904236603;89
cvector;2048;clang++;-O2;25.38;0.904337351;90
cvector;2048;clang++;-O2;25.07;0.905766832;91
cvector;2048;clang++;-O2;25.27;0.906580322;92
cvector;2048;clang++;-O2;25.23;0.907700775;93
cvector;2048;clang++;-O2;25.11;0.906490193;94
cvector;2048;clang++;-O2;25.22;0.906279309;95
cvector;2048;clang++;-O2;25.30;0.907791986;96
cvector;2048;clang++;-O2;25.37;0.905283438;97
cvector;2048;clang++;-O2;25.23;0.906842231;98
cvector;2048;clang++;-O2;25.44;0.906628592;99
string;512;clang++;-O2;6.39;0.229107018;00
string;512;clang++;-O2;6.38;0.229451601;01
string;512;clang++;-O2;6.58;0.230250034;02
string;512;clang++;-O2;6.37;0.229554905;03
string;512;clang++;-O2;6.46;0.229971072;04
string;512;clang++;-O2;6.37;0.229822214;05
string;512;clang++;-O2;6.43;0.228823778;06
string;512;clang++;-O2;6.53;0.229107559;07
string;512;clang++;-O2;6.39;0.229180735;08
string;512;clang++;-O2;6.37;0.229591412;09
string;512;clang++;-O2;6.37;0.229678786;10
string;512;clang++;-O2;6.49;0.229760709;11
string;512;clang++;-O2;6.43;0.228621250;12
string;512;clang++;-O2;6.39;0.229469855;13
string;512;clang++;-O2;6.45;0.229221291;14
string;512;clang++;-O2;6.43;0.229344381;15
string;512;clang++;-O2;6.40;0.228624927;16
string;512;clang++;-O2;6.40;0.229520039;17
string;512;clang++;-O2;6.37;0.229385738;18
string;512;clang++;-O2;6.39;0.229495935;19
string;512;clang++;-O2;6.37;0.229202296;20
string;512;clang++;-O2;6.41;0.229612963;21
string;512;clang++;-O2;6.57;0.228513208;22
string;512;clang++;-O2;6.39;0.229307022;23
string;512;clang++;-O2;6.41;0.228917654;24
string;512;clang++;-O2;6.42;0.229650624;25
string;512;clang++;-O2;6.39;0.229998724;26
string;512;clang++;-O2;6.59;0.229261457;27
string;512;clang++;-O2;6.44;0.230136512;28
string;512;clang++;-O2;6.38;0.229204270;29
string;512;clang++;-O2;6.39;0.228764988;30
string;512;clang++;-O2;6.34;0.229439709;31
string;512;clang++;-O2;6.38;0.229700657;32
string;512;clang++;-O2;6.62;0.229253211;33
string;512;clang++;-O2;6.38;0.229483561;34
string;512;clang++;-O2;6.41;0.230208516;35
string;512;clang++;-O2;6.34;0.228633223;36
string;512;clang++;-O2;6.45;0.229935495;37
string;512;clang++;-O2;6.37;0.229800324;38
string;512;clang++;-O2;6.42;0.229917593;39
string;512;clang++;-O2;6.40;0.229258300;40
string;512;clang++;-O2;6.37;0.230020174;41
string;512;clang++;-O2;6.47;0.229170947;42
string;512;clang++;-O2;6.44;0.229711056;43
string;512;clang++;-O2;6.44;0.230055510;44
string;512;clang++;-O2;6.42;0.228765850;45
string;512;clang++;-O2;6.43;0.229918454;46
string;512;clang++;-O2;6.41;0.229155148;47
string;512;clang++;-O2;6.39;0.230771948;48
string;512;clang++;-O2;6.46;0.229378425;49
string;512;clang++;-O2;6.40;0.230209016;50
string;512;clang++;-O2;6.42;0.228644894;51
string;512;clang++;-O2;6.39;0.230033700;52
string;512;clang++;-O2;6.59;0.229455198;53
string;512;clang++;-O2;6.36;0.230037266;54
string;512;clang++;-O2;6.46;0.228809552;55
string;512;clang++;-O2;6.41;0.229670371;56
string;512;clang++;-O2;6.37;0.229883899;57
string;512;clang++;-O2;6.43;0.229384186;58
string;512;clang++;-O2;6.39;0.229987854;59
string;512;clang++;-O2;6.43;0.229381230;60
string;512;clang++;-O2;6.42;0.230028509;61
string;512;clang++;-O2;6.43;0.229136954;62
string;512;clang++;-O2;6.40;0.229938621;63
string;512;clang++;-O2;6.62;0.229310498;64
string;512;clang++;-O2;6.34;0.230122885;65
string;512;clang++;-O2;6.42;0.229063967;66
string;512;clang++;-O2;6.48;0.231050930;67
string;512;clang++;-O2;6.41;0.230230287;68
string;512;clang++;-O2;6.41;0.229012251;69
string;512;clang++;-O2;6.41;0.230197405;70
string;512;clang++;-O2;6.39;0.229483862;71
string;512;clang++;-O2;6.46;0.229076821;72
string;512;clang++;-O2;6.40;0.229986130;73
string;512;clang++;-O2;6.36;0.229909136;74
string;512;clang++;-O2;6.63;0.229175837;75
string;512;clang++;-O2;6.39;0.230090045;76
string;512;clang++;-O2;6.42;0.230126563;77
string;512;clang++;-O2;6.38;0.229440301;78
string;512;clang++;-O2;6.36;0.229897995;79
string;512;clang++;-O2;6.40;0.229808598;80
string;512;clang++;-O2;6.37;0.229732557;81
string;512;clang++;-O2;6.36;0.228830401;82
string;512;clang++;-O2;6.38;0.229727637;83
string;512;clang++;-O2;6.49;0.230262357;84
string;512;clang++;-O2;6.39;0.229748917;85
string;512;clang++;-O2;6.46;0.229663207;86
string;512;clang++;-O2;6.39;0.229385678;87
string;512;clang++;-O2;6.41;0.229969148;88
string;512;clang++;-O2;6.38;0.230610036;89
string;512;clang++;-O2;6.50;0.229608224;90
string;512;clang++;-O2;6.35;0.230021145;91
string;512;clang++;-O2;6.39;0.229636356;92
string;512;clang++;-O2;6.38;0.229556838;93
string;512;clang++;-O2;6.41;0.229511413;94
string;512;clang++;-O2;6.52;0.229769345;95
string;512;clang++;-O2;6.40;0.229594699;96
string;512;clang++;-O2;6.44;0.229064709;97
string;512;clang++;-O2;6.41;0.230067312;98
string;512;clang++;-O2;6.42;0.228677436;99
string;1024;clang++;-O2;12.70;0.455386953;00
string;1024;clang++;-O2;12.76;0.455335788;01
string;1024;clang++;-O2;12.72;0.455571859;02
string;1024;clang++;-O2;12.71;0.455321492;03
string;1024;clang++;-O2;12.67;0.456200543;04
string;1024;clang++;-O2;12.69;0.455020970;05
string;1024;clang++;-O2;12.63;0.455486430;06
string;1024;clang++;-O2;12.66;0.454469188;07
string;1024;clang++;-O2;12.59;0.455212408;08
string;1024;clang++;-O2;12.73;0.458286100;09
string;1024;clang++;-O2;12.77;0.455335227;10
string;1024;clang++;-O2;12.75;0.455915872;11
string;1024;clang++;-O2;12.64;0.456356485;12
string;1024;clang++;-O2;12.66;0.455094086;13
string;1024;clang++;-O2;12.67;0.454616774;14
string;1024;clang++;-O2;12.55;0.455323455;15
string;1024;clang++;-O2;12.74;0.456782170;16
string;1024;clang++;-O2;12.66;0.455669912;17
string;1024;clang++;-O2;12.65;0.455702974;18
string;1024;clang++;-O2;12.77;0.454651920;19
string;1024;clang++;-O2;12.68;0.455746675;20
string;1024;clang++;-O2;12.67;0.455734924;21
string;1024;clang++;-O2;12.58;0.454256180;22
string;1024;clang++;-O2;12.68;0.455353000;23
string;1024;clang++;-O2;12.68;0.454446096;24
string;1024;clang++;-O2;12.65;0.454967419;25
string;1024;clang++;-O2;12.65;0.454727652;26
string;1024;clang++;-O2;12.69;0.455078287;27
string;1024;clang++;-O2;12.68;0.455610902;28
string;1024;clang++;-O2;12.65;0.456356425;29
string;1024;clang++;-O2;12.68;0.454613258;30
string;1024;clang++;-O2;12.69;0.454707905;31
string;1024;clang++;-O2;12.74;0.454944216;32
string;1024;clang++;-O2;12.89;0.455939646;33
string;1024;clang++;-O2;12.67;0.455676564;34
string;1024;clang++;-O2;12.86;0.453799006;35
string;1024;clang++;-O2;12.65;0.455477643;36
string;1024;clang++;-O2;12.71;0.455088647;37
string;1024;clang++;-O2;12.67;0.454131037;38
string;1024;clang++;-O2;12.64;0.455302315;39
string;1024;clang++;-O2;12.76;0.456481648;40
string;1024;clang++;-O2;12.65;0.455030819;41
string;1024;clang++;-O2;12.68;0.455092964;42
string;1024;clang++;-O2;12.74;0.456425924;43
string;1024;clang++;-O2;12.67;0.454535754;44
string;1024;clang++;-O2;12.71;0.456673177;45
string;1024;clang++;-O2;12.66;0.456175607;46
string;1024;clang++;-O2;12.71;0.454460763;47
string;1024;clang++;-O2;12.68;0.455676074;48
string;1024;clang++;-O2;12.73;0.456763906;49
string;1024;clang++;-O2;12.74;0.454492623;50
string;1024;clang++;-O2;12.83;0.455515805;51
string;1024;clang++;-O2;12.62;0.454663251;52
string;1024;clang++;-O2;12.98;0.454946741;53
string;1024;clang++;-O2;12.69;0.454625811;54
string;1024;clang++;-O2;12.71;0.455699658;55
string;1024;clang++;-O2;12.65;0.454731719;56
string;1024;clang++;-O2;12.69;0.455098695;57
string;1024;clang++;-O2;12.61;0.454447117;58
string;1024;clang++;-O2;12.74;0.455480348;59
string;1024;clang++;-O2;12.92;0.456390128;60
string;1024;clang++;-O2;12.66;0.454064182;61
string;1024;clang++;-O2;12.66;0.454859768;62
string;1024;clang++;-O2;12.79;0.454949216;63
string;1024;clang++;-O2;12.57;0.455800286;64
string;1024;clang++;-O2;12.64;0.455333784;65
string;1024;clang++;-O2;12.64;0.455940898;66
string;1024;clang++;-O2;12.81;0.454146065;67
string;1024;clang++;-O2;12.61;0.456227675;68
string;1024;clang++;-O2;12.68;0.456047798;69
string;1024;clang++;-O2;12.64;0.454625310;70
string;1024;clang++;-O2;12.72;0.455891817;71
string;1024;clang++;-O2;12.61;0.454914000;72
string;1024;clang++;-O2;12.68;0.455891085;73
string;1024;clang++;-O2;12.54;0.454289022;74
string;1024;clang++;-O2;12.91;0.455816727;75
string;1024;clang++;-O2;12.67;0.456147595;76
string;1024;clang++;-O2;12.66;0.454816127;77
string;1024;clang++;-O2;12.66;0.456128359;78
string;1024;clang++;-O2;12.67;0.456314086;79
string;1024;clang++;-O2;12.69;0.455818951;80
string;1024;clang++;-O2;12.70;0.456371853;81
string;1024;clang++;-O2;12.67;0.455856030;82
string;1024;clang++;-O2;12.85;0.455486981;83
string;1024;clang++;-O2;12.67;0.455785278;84
string;1024;clang++;-O2;13.22;0.455816246;85
string;1024;clang++;-O2;12.66;0.453220105;86
string;1024;clang++;-O2;12.73;0.455928716;87
string;1024;clang++;-O2;12.66;0.456304729;88
string;1024;clang++;-O2;12.69;0.455714665;89
string;1024;clang++;-O2;12.60;0.455206577;90
string;1024;clang++;-O2;12.79;0.455772464;91
string;1024;clang++;-O2;12.59;0.455498341;92
string;1024;clang++;-O2;12.71;0.455382626;93
string;1024;clang++;-O2;12.60;0.454415639;94
string;1024;clang++;-O2;12.70;0.456788312;95
string;1024;clang++;-O2;12.62;0.455589262;96
string;1024;clang++;-O2;12.68;0.456584691;97
string;1024;clang++;-O2;12.66;0.455591035;98
string;1024;clang++;-O2;12.74;0.454477514;99
string;2048;clang++;-O2;25.01;0.905492880;00
string;2048;clang++;-O2;25.18;0.908440508;01
string;2048;clang++;-O2;25.22;0.905137476;02
string;2048;clang++;-O2;25.21;0.907600918;03
string;2048;clang++;-O2;25.32;0.908694171;04
string;2048;clang++;-O2;25.25;0.905252581;05
string;2048;clang++;-O2;25.20;0.905863101;06
string;2048;clang++;-O2;25.39;0.908537839;07
string;2048;clang++;-O2;25.19;0.907210980;08
string;2048;clang++;-O2;25.23;0.906302823;09
string;2048;clang++;-O2;25.00;0.905595361;10
string;2048;clang++;-O2;25.23;0.908235715;11
string;2048;clang++;-O2;25.11;0.905504302;12
string;2048;clang++;-O2;25.20;0.906298746;13
string;2048;clang++;-O2;25.17;0.906934022;14
string;2048;clang++;-O2;25.23;0.906778081;15
string;2048;clang++;-O2;25.18;0.908985876;16
string;2048;clang++;-O2;25.22;0.907488698;17
string;2048;clang++;-O2;25.38;0.907768232;18
string;2048;clang++;-O2;25.34;0.908612158;19
string;2048;clang++;-O2;25.22;0.906571265;20
string;2048;clang++;-O2;25.19;0.907117315;21
string;2048;clang++;-O2;25.29;0.908399792;22
string;2048;clang++;-O2;25.22;0.906707038;23
string;2048;clang++;-O2;25.20;0.908435057;24
string;2048;clang++;-O2;25.15;0.905031117;25
string;2048;clang++;-O2;25.11;0.905388626;26
string;2048;clang++;-O2;25.23;0.907519006;27
string;2048;clang++;-O2;25.24;0.908437382;28
string;2048;clang++;-O2;25.12;0.906098541;29
string;2048;clang++;-O2;25.22;0.906896091;30
string;2048;clang++;-O2;25.24;0.908983972;31
string;2048;clang++;-O2;25.16;0.905518718;32
string;2048;clang++;-O2;25.04;0.907039299;33
string;2048;clang++;-O2;25.14;0.906328832;34
string;2048;clang++;-O2;25.22;0.908663784;35
string;2048;clang++;-O2;25.41;0.907466036;36
string;2048;clang++;-O2;25.28;0.905783082;37
string;2048;clang++;-O2;25.23;0.906778111;38
string;2048;clang++;-O2;25.24;0.907567797;39
string;2048;clang++;-O2;25.23;0.904559567;40
string;2048;clang++;-O2;25.21;0.906612312;41
string;2048;clang++;-O2;25.12;0.905938482;42
string;2048;clang++;-O2;25.29;0.906546329;43
string;2048;clang++;-O2;25.21;0.904986584;44
string;2048;clang++;-O2;25.10;0.907149665;45
string;2048;clang++;-O2;25.19;0.906434159;46
string;2048;clang++;-O2;25.27;0.907534053;47
string;2048;clang++;-O2;25.20;0.906836801;48
string;2048;clang++;-O2;25.18;0.905642950;49
string;2048;clang++;-O2;25.09;0.906883318;50
string;2048;clang++;-O2;25.16;0.904331140;51
string;2048;clang++;-O2;25.22;0.907231728;52
string;2048;clang++;-O2;25.11;0.906615016;53
string;2048;clang++;-O2;25.13;0.906545617;54
string;2048;clang++;-O2;25.12;0.908144284;55
string;2048;clang++;-O2;25.15;0.905519321;56
string;2048;clang++;-O2;25.05;0.905053925;57
string;2048;clang++;-O2;25.06;0.906544470;58
string;2048;clang++;-O2;25.09;0.905470574;59
string;2048;clang++;-O2;25.09;0.906228971;60
string;2048;clang++;-O2;25.14;0.907791600;61
string;2048;clang++;-O2;25.15;0.905939540;62
string;2048;clang++;-O2;25.17;0.907766314;63
string;2048;clang++;-O2;25.03;0.908043721;64
string;2048;clang++;-O2;25.17;0.906505959;65
string;2048;clang++;-O2;25.13;0.905730880;66
string;2048;clang++;-O2;25.20;0.906744354;67
string;2048;clang++;-O2;25.14;0.906107654;68
string;2048;clang++;-O2;25.20;0.905889176;69
string;2048;clang++;-O2;25.31;0.906887692;70
string;2048;clang++;-O2;25.23;0.906022055;71
string;2048;clang++;-O2;25.17;0.904737895;72
string;2048;clang++;-O2;25.17;0.905132972;73
string;2048;clang++;-O2;25.18;0.908411369;74
string;2048;clang++;-O2;25.17;0.907768557;75
string;2048;clang++;-O2;25.17;0.905338918;76
string;2048;clang++;-O2;25.20;0.908070973;77
string;2048;clang++;-O2;25.27;0.907040957;78
string;2048;clang++;-O2;25.26;0.906071206;79
string;2048;clang++;-O2;25.16;0.906908159;80
string;2048;clang++;-O2;25.12;0.905781905;81
string;2048;clang++;-O2;25.15;0.907405860;82
string;2048;clang++;-O2;25.30;0.907749843;83
string;2048;clang++;-O2;25.23;0.907119505;84
string;2048;clang++;-O2;25.21;0.904574269;85
string;2048;clang++;-O2;25.10;0.907998868;86
string;2048;clang++;-O2;25.18;0.905202663;87
string;2048;clang++;-O2;25.18;0.907403896;88
string;2048;clang++;-O2;25.21;0.908317834;89
string;2048;clang++;-O2;25.12;0.908966255;90
string;2048;clang++;-O2;25.20;0.905853599;91
string;2048;clang++;-O2;25.17;0.907293390;92
string;2048;clang++;-O2;25.22;0.908062797;93
string;2048;clang++;-O2;25.32;0.906962051;94
string;2048;clang++;-O2;24.97;0.904694744;95
string;2048;clang++;-O2;25.15;0.905984113;96
string;2048;clang++;-O2;25.19;0.907793344;97
string;2048;clang++;-O2;25.00;0.906460123;98
string;2048;clang++;-O2;25.21;0.908915460;99
bitset;512;clang++;-O3;46.50;1.546874023;00
bitset;512;clang++;-O3;46.19;1.547040394;01
bitset;512;clang++;-O3;46.14;1.535733637;02
bitset;512;clang++;-O3;46.06;1.541764225;03
bitset;512;clang++;-O3;46.23;1.541905299;04
bitset;512;clang++;-O3;46.42;1.543522000;05
bitset;512;clang++;-O3;46.22;1.542419289;06
bitset;512;clang++;-O3;45.84;1.548156539;07
bitset;512;clang++;-O3;46.21;1.541827804;08
bitset;512;clang++;-O3;46.23;1.541824278;09
bitset;512;clang++;-O3;46.73;1.535086719;10
bitset;512;clang++;-O3;45.69;1.535666882;11
bitset;512;clang++;-O3;46.12;1.541670260;12
bitset;512;clang++;-O3;46.13;1.535299997;13
bitset;512;clang++;-O3;45.34;1.548359889;14
bitset;512;clang++;-O3;46.09;1.538192842;15
bitset;512;clang++;-O3;46.18;1.535549342;16
bitset;512;clang++;-O3;46.21;1.541804511;17
bitset;512;clang++;-O3;46.23;1.537445607;18
bitset;512;clang++;-O3;45.70;1.536803677;19
bitset;512;clang++;-O3;46.55;1.546963460;20
bitset;512;clang++;-O3;45.65;1.535959239;21
bitset;512;clang++;-O3;46.20;1.542488880;22
bitset;512;clang++;-O3;46.25;1.544084381;23
bitset;512;clang++;-O3;46.02;1.534732437;24
bitset;512;clang++;-O3;46.13;1.541619164;25
bitset;512;clang++;-O3;46.23;1.544573264;26
bitset;512;clang++;-O3;46.28;1.535216441;27
bitset;512;clang++;-O3;46.54;1.547039542;28
bitset;512;clang++;-O3;46.46;1.547037328;29
bitset;512;clang++;-O3;45.51;1.536227931;30
bitset;512;clang++;-O3;46.17;1.541766730;31
bitset;512;clang++;-O3;45.60;1.536548660;32
bitset;512;clang++;-O3;46.12;1.536403178;33
bitset;512;clang++;-O3;46.80;1.539299139;34
bitset;512;clang++;-O3;46.20;1.535344721;35
bitset;512;clang++;-O3;46.49;1.547367145;36
bitset;512;clang++;-O3;46.40;1.539176951;37
bitset;512;clang++;-O3;46.10;1.535610628;38
bitset;512;clang++;-O3;46.18;1.541968938;39
bitset;512;clang++;-O3;45.56;1.536345682;40
bitset;512;clang++;-O3;46.12;1.536489079;41
bitset;512;clang++;-O3;45.58;1.537270489;42
bitset;512;clang++;-O3;46.36;1.542433285;43
bitset;512;clang++;-O3;46.29;1.541999295;44
bitset;512;clang++;-O3;46.42;1.547525971;45
bitset;512;clang++;-O3;45.29;1.548100545;46
bitset;512;clang++;-O3;46.48;1.546466732;47
bitset;512;clang++;-O3;46.30;1.543712165;48
bitset;512;clang++;-O3;45.43;1.542838192;49
bitset;512;clang++;-O3;46.23;1.541729421;50
bitset;512;clang++;-O3;45.67;1.536295136;51
bitset;512;clang++;-O3;46.26;1.542520008;52
bitset;512;clang++;-O3;46.25;1.541939733;53
bitset;512;clang++;-O3;46.34;1.541763674;54
bitset;512;clang++;-O3;46.35;1.535013632;55
bitset;512;clang++;-O3;45.71;1.536289275;56
bitset;512;clang++;-O3;45.61;1.546180968;57
bitset;512;clang++;-O3;46.62;1.546592517;58
bitset;512;clang++;-O3;46.48;1.541937980;59
bitset;512;clang++;-O3;46.34;1.538594613;60
bitset;512;clang++;-O3;45.75;1.535494050;61
bitset;512;clang++;-O3;46.34;1.542044770;62
bitset;512;clang++;-O3;46.50;1.540164166;63
bitset;512;clang++;-O3;46.38;1.534527754;64
bitset;512;clang++;-O3;46.30;1.535304646;65
bitset;512;clang++;-O3;46.31;1.541539235;66
bitset;512;clang++;-O3;46.56;1.534186797;67
bitset;512;clang++;-O3;46.21;1.536085004;68
bitset;512;clang++;-O3;45.64;1.537066088;69
bitset;512;clang++;-O3;46.17;1.536114699;70
bitset;512;clang++;-O3;46.64;1.546915681;71
bitset;512;clang++;-O3;46.36;1.534435512;72
bitset;512;clang++;-O3;46.40;1.535084083;73
bitset;512;clang++;-O3;46.38;1.542268839;74
bitset;512;clang++;-O3;46.36;1.542448825;75
bitset;512;clang++;-O3;46.48;1.535242460;76
bitset;512;clang++;-O3;46.02;1.534315518;77
bitset;512;clang++;-O3;46.57;1.541949262;78
bitset;512;clang++;-O3;45.97;1.534841341;79
bitset;512;clang++;-O3;46.53;1.547583609;80
bitset;512;clang++;-O3;46.46;1.547952428;81
bitset;512;clang++;-O3;46.36;1.535108820;82
bitset;512;clang++;-O3;46.53;1.537337293;83
bitset;512;clang++;-O3;45.63;1.537098447;84
bitset;512;clang++;-O3;45.60;1.543229092;85
bitset;512;clang++;-O3;46.39;1.541691620;86
bitset;512;clang++;-O3;46.45;1.538680925;87
bitset;512;clang++;-O3;46.31;1.535077662;88
bitset;512;clang++;-O3;45.81;1.537034327;89
bitset;512;clang++;-O3;46.45;1.539191067;90
bitset;512;clang++;-O3;46.55;1.546950877;91
bitset;512;clang++;-O3;45.41;1.548728718;92
bitset;512;clang++;-O3;46.66;1.546700318;93
bitset;512;clang++;-O3;46.57;1.547853724;94
bitset;512;clang++;-O3;45.93;1.535300318;95
bitset;512;clang++;-O3;46.39;1.542351413;96
bitset;512;clang++;-O3;46.36;1.541803489;97
bitset;512;clang++;-O3;46.44;1.547703503;98
bitset;512;clang++;-O3;46.65;1.547992011;99
bitset;1024;clang++;-O3;92.74;3.080110404;00
bitset;1024;clang++;-O3;92.09;3.089463561;01
bitset;1024;clang++;-O3;93.03;3.091242585;02
bitset;1024;clang++;-O3;92.94;3.088842229;03
bitset;1024;clang++;-O3;92.72;3.079809322;04
bitset;1024;clang++;-O3;91.58;3.069030091;05
bitset;1024;clang++;-O3;92.70;3.079861409;06
bitset;1024;clang++;-O3;91.28;3.069312799;07
bitset;1024;clang++;-O3;92.64;3.081061712;08
bitset;1024;clang++;-O3;93.06;3.091354975;09
bitset;1024;clang++;-O3;92.95;3.080008884;10
bitset;1024;clang++;-O3;92.38;3.093073044;11
bitset;1024;clang++;-O3;92.62;3.068215458;12
bitset;1024;clang++;-O3;91.29;3.092436906;13
bitset;1024;clang++;-O3;92.56;3.067663478;14
bitset;1024;clang++;-O3;92.78;3.081697870;15
bitset;1024;clang++;-O3;91.03;3.088873108;16
bitset;1024;clang++;-O3;93.00;3.082418768;17
bitset;1024;clang++;-O3;92.77;3.080099102;18
bitset;1024;clang++;-O3;93.16;3.091278672;19
bitset;1024;clang++;-O3;91.23;3.077555340;20
bitset;1024;clang++;-O3;92.83;3.078507579;21
bitset;1024;clang++;-O3;93.03;3.066563462;22
bitset;1024;clang++;-O3;91.26;3.090159080;23
bitset;1024;clang++;-O3;92.17;3.092221854;24
bitset;1024;clang++;-O3;92.53;3.067130531;25
bitset;1024;clang++;-O3;92.90;3.091122481;26
bitset;1024;clang++;-O3;90.61;3.093227393;27
bitset;1024;clang++;-O3;92.90;3.091501739;28
bitset;1024;clang++;-O3;92.64;3.079668309;29
bitset;1024;clang++;-O3;92.71;3.079825342;30
bitset;1024;clang++;-O3;92.65;3.079779486;31
bitset;1024;clang++;-O3;91.94;3.064287249;32
bitset;1024;clang++;-O3;93.82;3.080976853;33
bitset;1024;clang++;-O3;93.01;3.080914377;34
bitset;1024;clang++;-O3;91.42;3.092996702;35
bitset;1024;clang++;-O3;92.71;3.079868151;36
bitset;1024;clang++;-O3;92.83;3.065068399;37
bitset;1024;clang++;-O3;91.67;3.068099492;38
bitset;1024;clang++;-O3;91.14;3.089632366;39
bitset;1024;clang++;-O3;93.08;3.091779027;40
bitset;1024;clang++;-O3;92.57;3.096825636;41
bitset;1024;clang++;-O3;92.48;3.071197350;42
bitset;1024;clang++;-O3;92.85;3.067115213;43
bitset;1024;clang++;-O3;92.84;3.089763782;44
bitset;1024;clang++;-O3;92.43;3.066678537;45
bitset;1024;clang++;-O3;91.38;3.068268598;46
bitset;1024;clang++;-O3;92.67;3.080236099;47
bitset;1024;clang++;-O3;92.86;3.091676877;48
bitset;1024;clang++;-O3;91.23;3.069085986;49
bitset;1024;clang++;-O3;92.41;3.069236316;50
bitset;1024;clang++;-O3;91.10;3.070029198;51
bitset;1024;clang++;-O3;92.47;3.078814673;52
bitset;1024;clang++;-O3;92.79;3.091852424;53
bitset;1024;clang++;-O3;92.59;3.066513820;54
bitset;1024;clang++;-O3;92.81;3.091802010;55
bitset;1024;clang++;-O3;91.15;3.069895779;56
bitset;1024;clang++;-O3;92.24;3.069944660;57
bitset;1024;clang++;-O3;90.94;3.091022283;58
bitset;1024;clang++;-O3;92.52;3.079959813;59
bitset;1024;clang++;-O3;92.59;3.066913837;60
bitset;1024;clang++;-O3;92.75;3.081351664;61
bitset;1024;clang++;-O3;92.98;3.080968287;62
bitset;1024;clang++;-O3;92.90;3.081268128;63
bitset;1024;clang++;-O3;92.92;3.091285495;64
bitset;1024;clang++;-O3;91.29;3.069984986;65
bitset;1024;clang++;-O3;92.42;3.068803928;66
bitset;1024;clang++;-O3;92.82;3.091107543;67
bitset;1024;clang++;-O3;92.48;3.067330074;68
bitset;1024;clang++;-O3;92.42;3.079959212;69
bitset;1024;clang++;-O3;91.15;3.070183767;70
bitset;1024;clang++;-O3;93.04;3.090322976;71
bitset;1024;clang++;-O3;92.68;3.067345865;72
bitset;1024;clang++;-O3;93.16;3.091285675;73
bitset;1024;clang++;-O3;92.69;3.080016710;74
bitset;1024;clang++;-O3;93.04;3.088363806;75
bitset;1024;clang++;-O3;92.96;3.082765605;76
bitset;1024;clang++;-O3;92.96;3.091627834;77
bitset;1024;clang++;-O3;90.91;3.090516077;78
bitset;1024;clang++;-O3;92.86;3.081863961;79
bitset;1024;clang++;-O3;91.54;3.069267846;80
bitset;1024;clang++;-O3;92.57;3.080030866;81
bitset;1024;clang++;-O3;91.37;3.068562938;82
bitset;1024;clang++;-O3;90.34;3.093745491;83
bitset;1024;clang++;-O3;92.48;3.079978057;84
bitset;1024;clang++;-O3;92.69;3.080116607;85
bitset;1024;clang++;-O3;91.56;3.069007028;86
bitset;1024;clang++;-O3;92.60;3.079931971;87
bitset;1024;clang++;-O3;92.70;3.064054885;88
bitset;1024;clang++;-O3;92.67;3.079842835;89
bitset;1024;clang++;-O3;92.81;3.082232430;90
bitset;1024;clang++;-O3;93.07;3.094736944;91
bitset;1024;clang++;-O3;91.60;3.067418630;92
bitset;1024;clang++;-O3;90.77;3.093840950;93
bitset;1024;clang++;-O3;93.00;3.080063837;94
bitset;1024;clang++;-O3;91.47;3.068630715;95
bitset;1024;clang++;-O3;92.56;3.079745172;96
bitset;1024;clang++;-O3;90.80;3.092186048;97
bitset;1024;clang++;-O3;92.59;3.069625904;98
bitset;1024;clang++;-O3;92.54;3.067602063;99
bitset;2048;clang++;-O3;184.51;6.132666584;00
bitset;2048;clang++;-O3;184.83;6.132782661;01
bitset;2048;clang++;-O3;185.85;6.152880213;02
bitset;2048;clang++;-O3;185.80;6.169342422;03
bitset;2048;clang++;-O3;185.02;6.131822668;04
bitset;2048;clang++;-O3;182.21;6.137901996;05
bitset;2048;clang++;-O3;185.00;6.133060350;06
bitset;2048;clang++;-O3;185.04;6.130491641;07
bitset;2048;clang++;-O3;185.96;6.179950713;08
bitset;2048;clang++;-O3;185.88;6.157877150;09
bitset;2048;clang++;-O3;184.21;6.186893306;10
bitset;2048;clang++;-O3;184.79;6.131496117;11
bitset;2048;clang++;-O3;185.80;6.178765039;12
bitset;2048;clang++;-O3;185.47;6.155520636;13
bitset;2048;clang++;-O3;185.12;6.127786876;14
bitset;2048;clang++;-O3;183.07;6.128400543;15
bitset;2048;clang++;-O3;183.93;6.148766166;16
bitset;2048;clang++;-O3;184.96;6.155719368;17
bitset;2048;clang++;-O3;181.92;6.171111819;18
bitset;2048;clang++;-O3;185.38;6.129754573;19
bitset;2048;clang++;-O3;184.06;6.180801964;20
bitset;2048;clang++;-O3;185.25;6.129149943;21
bitset;2048;clang++;-O3;183.06;6.132173823;22
bitset;2048;clang++;-O3;185.97;6.178691070;23
bitset;2048;clang++;-O3;185.68;6.180822873;24
bitset;2048;clang++;-O3;185.80;6.180051341;25
bitset;2048;clang++;-O3;185.52;6.176945138;26
bitset;2048;clang++;-O3;185.56;6.180336805;27
bitset;2048;clang++;-O3;185.56;6.155190379;28
bitset;2048;clang++;-O3;185.63;6.179469203;29
bitset;2048;clang++;-O3;186.75;6.164217427;30
bitset;2048;clang++;-O3;185.49;6.179683845;31
bitset;2048;clang++;-O3;185.38;6.179829838;32
bitset;2048;clang++;-O3;185.10;6.155515086;33
bitset;2048;clang++;-O3;185.43;6.181083190;34
bitset;2048;clang++;-O3;184.70;6.130925160;35
bitset;2048;clang++;-O3;185.71;6.178974800;36
bitset;2048;clang++;-O3;184.86;6.129020572;37
bitset;2048;clang++;-O3;184.96;6.155209936;38
bitset;2048;clang++;-O3;185.70;6.179764215;39
