#program;length;compiler;opt;energy(J);time(s);run
bitset;512;clang++;-O2;48.52;1.414771915;0
bitset;512;clang++;-O2;48.25;1.412388653;1
bitset;512;clang++;-O2;48.73;1.424916413;2
bitset;512;clang++;-O2;48.76;1.420170320;3
bitset;512;clang++;-O2;48.99;1.427637166;4
bitset;512;clang++;-O2;48.94;1.425283481;5
bitset;512;clang++;-O2;48.87;1.415556302;6
bitset;512;clang++;-O2;47.85;1.411798107;7
bitset;512;clang++;-O2;47.80;1.411846619;8
bitset;512;clang++;-O2;47.97;1.413490145;9
bitset;512;clang++;-O2;47.98;1.414766163;10
bitset;512;clang++;-O2;47.88;1.412655293;11
bitset;512;clang++;-O2;47.68;1.411945684;12
bitset;512;clang++;-O2;48.12;1.424103262;13
bitset;512;clang++;-O2;47.86;1.421318659;14
bitset;1024;clang++;-O2;94.90;2.857023827;0
bitset;1024;clang++;-O2;94.75;2.859290971;1
bitset;1024;clang++;-O2;95.98;2.842748045;2
bitset;1024;clang++;-O2;95.68;2.842865836;3
bitset;1024;clang++;-O2;95.31;2.860197758;4
bitset;1024;clang++;-O2;95.64;2.824664053;5
bitset;1024;clang++;-O2;95.28;2.860330741;6
bitset;1024;clang++;-O2;95.90;2.859317113;7
bitset;1024;clang++;-O2;95.75;2.878032207;8
bitset;1024;clang++;-O2;95.86;2.823052056;9
bitset;1024;clang++;-O2;95.01;2.877999736;10
bitset;1024;clang++;-O2;95.80;2.823154577;11
bitset;1024;clang++;-O2;94.96;2.823765021;12
bitset;1024;clang++;-O2;95.30;2.881724235;13
bitset;1024;clang++;-O2;96.45;2.828820174;14
bitset;2048;clang++;-O2;192.65;5.654794995;0
bitset;2048;clang++;-O2;188.51;5.753090042;1
bitset;2048;clang++;-O2;192.63;5.673960744;2
bitset;2048;clang++;-O2;191.55;5.680570117;3
bitset;2048;clang++;-O2;190.51;5.682210000;4
bitset;2048;clang++;-O2;190.28;5.717078810;5
bitset;2048;clang++;-O2;190.05;5.681814124;6
bitset;2048;clang++;-O2;191.53;5.665481357;7
bitset;2048;clang++;-O2;191.16;5.648211647;8
bitset;2048;clang++;-O2;191.99;5.660187188;9
bitset;2048;clang++;-O2;189.79;5.725677189;10
bitset;2048;clang++;-O2;189.49;5.717791838;11
bitset;2048;clang++;-O2;190.75;5.715816969;12
bitset;2048;clang++;-O2;191.30;5.717615408;13
bitset;2048;clang++;-O2;189.98;5.649041616;14
bvector;512;clang++;-O2;48.50;1.432883522;0
bvector;512;clang++;-O2;47.96;1.430433956;1
bvector;512;clang++;-O2;47.87;1.429076450;2
bvector;512;clang++;-O2;48.99;1.433023253;3
bvector;512;clang++;-O2;48.63;1.438678928;4
bvector;512;clang++;-O2;46.88;1.437217328;5
bvector;512;clang++;-O2;48.65;1.429129429;6
bvector;512;clang++;-O2;48.01;1.427924950;7
bvector;512;clang++;-O2;48.14;1.431397997;8
bvector;512;clang++;-O2;48.09;1.426605053;9
bvector;512;clang++;-O2;48.07;1.427439593;10
bvector;512;clang++;-O2;48.16;1.428123209;11
bvector;512;clang++;-O2;47.97;1.427435942;12
bvector;512;clang++;-O2;48.08;1.426526392;13
bvector;512;clang++;-O2;48.09;1.426540860;14
bvector;1024;clang++;-O2;95.94;2.851976604;0
bvector;1024;clang++;-O2;95.81;2.813813713;1
bvector;1024;clang++;-O2;95.68;2.859130390;2
bvector;1024;clang++;-O2;95.88;2.852299988;3
bvector;1024;clang++;-O2;95.56;2.852426906;4
bvector;1024;clang++;-O2;95.95;2.852827974;5
bvector;1024;clang++;-O2;95.97;2.857388386;6
bvector;1024;clang++;-O2;95.71;2.859442553;7
bvector;1024;clang++;-O2;95.56;2.855812972;8
bvector;1024;clang++;-O2;94.49;2.873768088;9
bvector;1024;clang++;-O2;95.45;2.873096342;10
bvector;1024;clang++;-O2;95.73;2.815090409;11
bvector;1024;clang++;-O2;94.06;2.873909953;12
bvector;1024;clang++;-O2;93.42;2.871071730;13
bvector;1024;clang++;-O2;96.50;2.818926094;14
bvector;2048;clang++;-O2;187.53;5.740389433;0
bvector;2048;clang++;-O2;187.33;5.740632747;1
bvector;2048;clang++;-O2;191.10;5.656596736;2
bvector;2048;clang++;-O2;191.66;5.701702075;3
bvector;2048;clang++;-O2;190.75;5.623315671;4
bvector;2048;clang++;-O2;189.96;5.710852720;5
bvector;2048;clang++;-O2;190.25;5.702048123;6
bvector;2048;clang++;-O2;190.34;5.701077939;7
bvector;2048;clang++;-O2;190.48;5.701696104;8
bvector;2048;clang++;-O2;190.14;5.705871790;9
bvector;2048;clang++;-O2;190.26;5.707580494;10
bvector;2048;clang++;-O2;187.22;5.740704191;11
bvector;2048;clang++;-O2;190.82;5.679580584;12
bvector;2048;clang++;-O2;190.44;5.621610282;13
bvector;2048;clang++;-O2;189.84;5.620468180;14
cvector;512;clang++;-O2;6.87;0.214170702;0
cvector;512;clang++;-O2;7.78;0.220789701;1
cvector;512;clang++;-O2;7.43;0.216679937;2
cvector;512;clang++;-O2;7.38;0.214957651;3
cvector;512;clang++;-O2;6.97;0.214088589;4
cvector;512;clang++;-O2;7.81;0.220920086;5
cvector;512;clang++;-O2;7.57;0.219003796;6
cvector;512;clang++;-O2;7.08;0.217893794;7
cvector;512;clang++;-O2;7.34;0.217888464;8
cvector;512;clang++;-O2;7.36;0.219563471;9
cvector;512;clang++;-O2;7.60;0.220295819;10
cvector;512;clang++;-O2;7.48;0.219632140;11
cvector;512;clang++;-O2;7.57;0.220948348;12
cvector;512;clang++;-O2;7.45;0.218938254;13
cvector;512;clang++;-O2;7.55;0.218565398;14
cvector;1024;clang++;-O2;14.91;0.435606430;0
cvector;1024;clang++;-O2;14.55;0.434495225;1
cvector;1024;clang++;-O2;13.95;0.433182354;2
cvector;1024;clang++;-O2;14.49;0.426550340;3
cvector;1024;clang++;-O2;14.90;0.436785502;4
cvector;1024;clang++;-O2;14.52;0.433536004;5
cvector;1024;clang++;-O2;14.77;0.434605220;6
cvector;1024;clang++;-O2;14.68;0.434303677;7
cvector;1024;clang++;-O2;13.90;0.432076819;8
cvector;1024;clang++;-O2;14.61;0.427798801;9
cvector;1024;clang++;-O2;14.94;0.435984876;10
cvector;1024;clang++;-O2;15.00;0.437018757;11
cvector;1024;clang++;-O2;14.67;0.433009922;12
cvector;1024;clang++;-O2;14.25;0.432263387;13
cvector;1024;clang++;-O2;14.77;0.434971585;14
cvector;2048;clang++;-O2;28.82;0.866019112;0
cvector;2048;clang++;-O2;27.99;0.846917544;1
cvector;2048;clang++;-O2;28.56;0.865531732;2
cvector;2048;clang++;-O2;27.77;0.863342694;3
cvector;2048;clang++;-O2;28.76;0.863012778;4
cvector;2048;clang++;-O2;27.75;0.860912457;5
cvector;2048;clang++;-O2;27.61;0.860688789;6
cvector;2048;clang++;-O2;27.62;0.860933596;7
cvector;2048;clang++;-O2;28.14;0.849420818;8
cvector;2048;clang++;-O2;28.17;0.850972967;9
cvector;2048;clang++;-O2;28.44;0.848170284;10
cvector;2048;clang++;-O2;27.63;0.848150617;11
cvector;2048;clang++;-O2;28.70;0.864805826;12
cvector;2048;clang++;-O2;29.49;0.866786936;13
cvector;2048;clang++;-O2;27.44;0.860521676;14
string;512;clang++;-O2;7.20;0.218937533;0
string;512;clang++;-O2;7.25;0.217912409;1
string;512;clang++;-O2;7.32;0.218167095;2
string;512;clang++;-O2;7.33;0.218108996;3
string;512;clang++;-O2;7.35;0.218066206;4
string;512;clang++;-O2;7.37;0.218739954;5
string;512;clang++;-O2;7.17;0.218474308;6
string;512;clang++;-O2;7.51;0.216082452;7
string;512;clang++;-O2;7.54;0.218601886;8
string;512;clang++;-O2;7.84;0.217374515;9
string;512;clang++;-O2;7.76;0.220573868;10
string;512;clang++;-O2;7.71;0.217521950;11
string;512;clang++;-O2;7.65;0.217868126;12
string;512;clang++;-O2;7.72;0.217116744;13
string;512;clang++;-O2;7.70;0.216433948;14
string;1024;clang++;-O2;14.58;0.428769413;0
string;1024;clang++;-O2;14.83;0.433909091;1
string;1024;clang++;-O2;13.98;0.432591239;2
string;1024;clang++;-O2;14.24;0.432229835;3
string;1024;clang++;-O2;14.48;0.426448650;4
string;1024;clang++;-O2;14.75;0.434065413;5
string;1024;clang++;-O2;13.89;0.432475404;6
string;1024;clang++;-O2;14.20;0.432648607;7
string;1024;clang++;-O2;14.51;0.427893297;8
string;1024;clang++;-O2;16.23;0.437630610;9
string;1024;clang++;-O2;15.33;0.428444357;10
string;1024;clang++;-O2;14.47;0.427387774;11
string;1024;clang++;-O2;14.60;0.435168442;12
string;1024;clang++;-O2;14.61;0.425863728;13
string;1024;clang++;-O2;13.82;0.423959261;14
string;2048;clang++;-O2;28.93;0.867129726;0
string;2048;clang++;-O2;27.96;0.864505546;1
string;2048;clang++;-O2;28.09;0.865573761;2
string;2048;clang++;-O2;28.16;0.852466505;3
string;2048;clang++;-O2;27.21;0.850900942;4
string;2048;clang++;-O2;28.65;0.865328592;5
string;2048;clang++;-O2;28.47;0.863273265;6
string;2048;clang++;-O2;28.50;0.864800066;7
string;2048;clang++;-O2;27.85;0.847861838;8
string;2048;clang++;-O2;27.28;0.846600282;9
string;2048;clang++;-O2;28.83;0.865057226;10
string;2048;clang++;-O2;27.98;0.848722304;11
string;2048;clang++;-O2;27.74;0.847566256;12
string;2048;clang++;-O2;28.66;0.867282131;13
string;2048;clang++;-O2;28.10;0.852859540;14
bitset;512;clang++;-O3;48.45;1.440546233;0
bitset;512;clang++;-O3;48.22;1.440049435;1
bitset;512;clang++;-O3;48.46;1.416857380;2
bitset;512;clang++;-O3;48.47;1.439217011;3
bitset;512;clang++;-O3;48.63;1.415622223;4
bitset;512;clang++;-O3;48.56;1.439642025;5
bitset;512;clang++;-O3;48.09;1.438390748;6
bitset;512;clang++;-O3;48.17;1.436812946;7
bitset;512;clang++;-O3;48.14;1.446303674;8
bitset;512;clang++;-O3;48.42;1.444710366;9
bitset;512;clang++;-O3;48.67;1.435754488;10
bitset;512;clang++;-O3;48.37;1.435790034;11
bitset;512;clang++;-O3;48.21;1.437147431;12
bitset;512;clang++;-O3;47.98;1.436810823;13
bitset;512;clang++;-O3;47.98;1.436476477;14
bitset;1024;clang++;-O3;94.93;2.887858702;0
bitset;1024;clang++;-O3;95.01;2.883473327;1
bitset;1024;clang++;-O3;96.60;2.865896728;2
bitset;1024;clang++;-O3;96.02;2.827419489;3
bitset;1024;clang++;-O3;95.44;2.825222032;4
bitset;1024;clang++;-O3;95.79;2.826230506;5
bitset;1024;clang++;-O3;96.39;2.875449321;6
bitset;1024;clang++;-O3;95.79;2.870989035;7
bitset;1024;clang++;-O3;95.49;2.869456481;8
bitset;1024;clang++;-O3;96.55;2.842311359;9
bitset;1024;clang++;-O3;94.79;2.889700745;10
bitset;1024;clang++;-O3;96.33;2.869573931;11
bitset;1024;clang++;-O3;96.26;2.874200197;12
bitset;1024;clang++;-O3;95.76;2.872553018;13
bitset;1024;clang++;-O3;97.09;2.879732465;14
bitset;2048;clang++;-O3;191.99;5.727666012;0
bitset;2048;clang++;-O3;191.79;5.725873879;1
bitset;2048;clang++;-O3;191.72;5.730722068;2
bitset;2048;clang++;-O3;188.41;5.769495233;3
bitset;2048;clang++;-O3;192.01;5.726475594;4
bitset;2048;clang++;-O3;190.89;5.732278545;5
bitset;2048;clang++;-O3;190.81;5.730568991;6
bitset;2048;clang++;-O3;189.57;5.752531792;7
bitset;2048;clang++;-O3;192.00;5.651310391;8
bitset;2048;clang++;-O3;191.17;5.648116313;9
bitset;2048;clang++;-O3;187.79;5.770157350;10
bitset;2048;clang++;-O3;187.03;5.771026735;11
bitset;2048;clang++;-O3;190.98;5.647107328;12
bitset;2048;clang++;-O3;190.90;5.647879931;13
bitset;2048;clang++;-O3;190.98;5.647542601;14
bvector;512;clang++;-O3;49.60;1.434816057;0
bvector;512;clang++;-O3;47.76;1.433771916;1
bvector;512;clang++;-O3;47.61;1.441876487;2
bvector;512;clang++;-O3;46.86;1.441213488;3
bvector;512;clang++;-O3;48.49;1.434123002;4
bvector;512;clang++;-O3;47.77;1.433753041;5
bvector;512;clang++;-O3;48.17;1.435074289;6
bvector;512;clang++;-O3;47.77;1.435283039;7
bvector;512;clang++;-O3;48.00;1.434086935;8
bvector;512;clang++;-O3;47.86;1.433173688;9
bvector;512;clang++;-O3;47.91;1.434835272;10
bvector;512;clang++;-O3;47.92;1.434439152;11
bvector;512;clang++;-O3;47.62;1.434048743;12
bvector;512;clang++;-O3;47.72;1.434363161;13
bvector;512;clang++;-O3;47.48;1.441199332;14
bvector;1024;clang++;-O3;93.49;2.877956123;0
bvector;1024;clang++;-O3;95.61;2.813063571;1
bvector;1024;clang++;-O3;93.87;2.880395892;2
bvector;1024;clang++;-O3;95.82;2.813430016;3
bvector;1024;clang++;-O3;93.88;2.878130560;4
bvector;1024;clang++;-O3;95.56;2.863005212;5
bvector;1024;clang++;-O3;95.24;2.864636600;6
bvector;1024;clang++;-O3;94.92;2.864834460;7
bvector;1024;clang++;-O3;95.13;2.876696441;8
bvector;1024;clang++;-O3;95.67;2.863660176;9
bvector;1024;clang++;-O3;95.72;2.859019782;10
bvector;1024;clang++;-O3;97.00;2.831166688;11
bvector;1024;clang++;-O3;93.53;2.879807145;12
bvector;1024;clang++;-O3;93.51;2.879071361;13
bvector;1024;clang++;-O3;93.21;2.879521020;14
bvector;2048;clang++;-O3;190.28;5.719537333;0
bvector;2048;clang++;-O3;190.59;5.621565648;1
bvector;2048;clang++;-O3;186.86;5.750463674;2
bvector;2048;clang++;-O3;186.71;5.751793648;3
bvector;2048;clang++;-O3;190.66;5.713743639;4
bvector;2048;clang++;-O3;190.73;5.621038303;5
bvector;2048;clang++;-O3;189.96;5.727478439;6
bvector;2048;clang++;-O3;189.88;5.724642501;7
bvector;2048;clang++;-O3;189.47;5.728784329;8
bvector;2048;clang++;-O3;189.51;5.723880267;9
bvector;2048;clang++;-O3;190.68;5.622269724;10
bvector;2048;clang++;-O3;190.37;5.620722583;11
bvector;2048;clang++;-O3;190.19;5.685607109;12
bvector;2048;clang++;-O3;191.44;5.621388577;13
bvector;2048;clang++;-O3;186.74;5.751716084;14
cvector;512;clang++;-O3;6.84;0.214892142;0
cvector;512;clang++;-O3;7.52;0.220164733;1
cvector;512;clang++;-O3;7.88;0.219667594;2
cvector;512;clang++;-O3;7.44;0.219060880;3
cvector;512;clang++;-O3;7.37;0.218380169;4
cvector;512;clang++;-O3;7.46;0.216338394;5
cvector;512;clang++;-O3;7.47;0.218500774;6
cvector;512;clang++;-O3;7.44;0.217165740;7
cvector;512;clang++;-O3;7.45;0.216128903;8
cvector;512;clang++;-O3;7.28;0.215172105;9
cvector;512;clang++;-O3;7.58;0.220998802;10
cvector;512;clang++;-O3;7.66;0.216868926;11
cvector;512;clang++;-O3;7.93;0.221015443;12
cvector;512;clang++;-O3;7.73;0.221009391;13
cvector;512;clang++;-O3;7.49;0.219230407;14
cvector;1024;clang++;-O3;14.45;0.426277512;0
cvector;1024;clang++;-O3;14.74;0.435503941;1
cvector;1024;clang++;-O3;14.78;0.429039652;2
cvector;1024;clang++;-O3;14.72;0.435503740;3
cvector;1024;clang++;-O3;14.68;0.428149390;4
cvector;1024;clang++;-O3;14.80;0.433983680;5
cvector;1024;clang++;-O3;14.66;0.429114894;6
cvector;1024;clang++;-O3;14.72;0.434395439;7
cvector;1024;clang++;-O3;14.48;0.428536773;8
cvector;1024;clang++;-O3;15.24;0.436699584;9
cvector;1024;clang++;-O3;14.78;0.427928738;10
cvector;1024;clang++;-O3;13.87;0.426967321;11
cvector;1024;clang++;-O3;13.80;0.426938076;12
cvector;1024;clang++;-O3;14.76;0.433861201;13
cvector;1024;clang++;-O3;14.10;0.432781213;14
cvector;2048;clang++;-O3;27.68;0.862365333;0
cvector;2048;clang++;-O3;27.87;0.863476780;1
cvector;2048;clang++;-O3;28.23;0.851351115;2
cvector;2048;clang++;-O3;28.79;0.865418257;3
cvector;2048;clang++;-O3;28.70;0.865797395;4
cvector;2048;clang++;-O3;28.87;0.866627296;5
cvector;2048;clang++;-O3;28.19;0.850340156;6
cvector;2048;clang++;-O3;27.01;0.846674197;7
cvector;2048;clang++;-O3;26.92;0.846536139;8
cvector;2048;clang++;-O3;27.08;0.846647607;9
cvector;2048;clang++;-O3;28.52;0.866238049;10
cvector;2048;clang++;-O3;27.96;0.848377099;11
cvector;2048;clang++;-O3;28.53;0.867189627;12
cvector;2048;clang++;-O3;27.88;0.847855454;13
cvector;2048;clang++;-O3;28.67;0.864641356;14
string;512;clang++;-O3;7.58;0.220631495;0
string;512;clang++;-O3;7.82;0.217212347;1
string;512;clang++;-O3;7.43;0.215978752;2
string;512;clang++;-O3;7.51;0.219278377;3
string;512;clang++;-O3;7.50;0.218483081;4
string;512;clang++;-O3;7.54;0.218831953;5
string;512;clang++;-O3;7.83;0.219528554;6
string;512;clang++;-O3;7.69;0.221312016;7
string;512;clang++;-O3;7.62;0.219462391;8
string;512;clang++;-O3;7.20;0.219097589;9
string;512;clang++;-O3;7.72;0.220578556;10
string;512;clang++;-O3;7.57;0.219368857;11
string;512;clang++;-O3;7.60;0.217273832;12
string;512;clang++;-O3;7.73;0.219272025;13
string;512;clang++;-O3;7.61;0.219429109;14
string;1024;clang++;-O3;14.46;0.433541575;0
string;1024;clang++;-O3;14.20;0.434061936;1
string;1024;clang++;-O3;15.05;0.437528093;2
string;1024;clang++;-O3;14.86;0.434067146;3
string;1024;clang++;-O3;14.29;0.433206277;4
string;1024;clang++;-O3;14.24;0.433854749;5
string;1024;clang++;-O3;14.28;0.432945650;6
string;1024;clang++;-O3;14.30;0.433188985;7
string;1024;clang++;-O3;14.16;0.432608149;8
string;1024;clang++;-O3;14.23;0.432776223;9
string;1024;clang++;-O3;14.17;0.432821138;10
string;1024;clang++;-O3;14.27;0.434107291;11
string;1024;clang++;-O3;14.29;0.432888774;12
string;1024;clang++;-O3;14.17;0.432494236;13
string;1024;clang++;-O3;14.48;0.433963863;14
string;2048;clang++;-O3;28.14;0.864852559;0
string;2048;clang++;-O3;28.55;0.853292938;1
string;2048;clang++;-O3;28.88;0.865080044;2
string;2048;clang++;-O3;28.55;0.853154438;3
string;2048;clang++;-O3;28.94;0.866593703;4
string;2048;clang++;-O3;27.94;0.865166376;5
string;2048;clang++;-O3;27.88;0.864623000;6
string;2048;clang++;-O3;28.74;0.864185412;7
string;2048;clang++;-O3;27.61;0.861841232;8
string;2048;clang++;-O3;27.95;0.851194436;9
string;2048;clang++;-O3;28.09;0.851268375;10
string;2048;clang++;-O3;28.02;0.849407056;11
string;2048;clang++;-O3;28.83;0.866719037;12
string;2048;clang++;-O3;28.38;0.864725582;13
string;2048;clang++;-O3;28.69;0.865473510;14
bitset;512;g++;-O2;6.51;0.186533262;0
bitset;512;g++;-O2;6.26;0.185632990;1
bitset;512;g++;-O2;6.28;0.186008912;2
bitset;512;g++;-O2;6.30;0.186013110;3
bitset;512;g++;-O2;5.96;0.185715474;4
bitset;512;g++;-O2;6.19;0.185820020;5
bitset;512;g++;-O2;6.67;0.186474052;6
bitset;512;g++;-O2;6.36;0.185942598;7
bitset;512;g++;-O2;6.37;0.186116974;8
bitset;512;g++;-O2;6.33;0.186153402;9
bitset;512;g++;-O2;6.26;0.186189951;10
bitset;512;g++;-O2;6.50;0.187832210;11
bitset;512;g++;-O2;6.42;0.185962416;12
bitset;512;g++;-O2;6.63;0.185587155;13
bitset;512;g++;-O2;6.43;0.183767244;14
bitset;1024;g++;-O2;12.56;0.371419537;0
bitset;1024;g++;-O2;12.68;0.370830556;1
bitset;1024;g++;-O2;12.38;0.366304228;2
bitset;1024;g++;-O2;12.55;0.373036408;3
bitset;1024;g++;-O2;11.98;0.370807433;4
bitset;1024;g++;-O2;12.55;0.369749075;5
bitset;1024;g++;-O2;11.73;0.368570183;6
bitset;1024;g++;-O2;11.73;0.368378635;7
bitset;1024;g++;-O2;12.46;0.370920364;8
bitset;1024;g++;-O2;12.48;0.370315594;9
bitset;1024;g++;-O2;11.96;0.368859313;10
bitset;1024;g++;-O2;12.32;0.369835858;11
bitset;1024;g++;-O2;11.93;0.369800542;12
bitset;1024;g++;-O2;12.40;0.370146167;13
bitset;1024;g++;-O2;12.34;0.370652875;14
bitset;2048;g++;-O2;23.86;0.734776909;0
bitset;2048;g++;-O2;23.63;0.734116574;1
bitset;2048;g++;-O2;24.06;0.737065585;2
bitset;2048;g++;-O2;24.00;0.727119239;3
bitset;2048;g++;-O2;23.81;0.729585818;4
bitset;2048;g++;-O2;24.08;0.727484260;5
bitset;2048;g++;-O2;23.04;0.724704406;6
bitset;2048;g++;-O2;23.27;0.725466420;7
bitset;2048;g++;-O2;23.90;0.734998141;8
bitset;2048;g++;-O2;23.93;0.730593851;9
bitset;2048;g++;-O2;23.82;0.735294596;10
bitset;2048;g++;-O2;23.83;0.729039327;11
bitset;2048;g++;-O2;23.94;0.738647481;12
bitset;2048;g++;-O2;23.86;0.735114008;13
bitset;2048;g++;-O2;23.23;0.733958959;14
bvector;512;g++;-O2;6.32;0.188361469;0
bvector;512;g++;-O2;6.52;0.189949997;1
bvector;512;g++;-O2;6.76;0.186421974;2
bvector;512;g++;-O2;6.48;0.185116234;3
bvector;512;g++;-O2;6.53;0.189034226;4
bvector;512;g++;-O2;6.55;0.189098677;5
bvector;512;g++;-O2;6.58;0.188794127;6
bvector;512;g++;-O2;6.42;0.187709941;7
bvector;512;g++;-O2;6.30;0.185807305;8
bvector;512;g++;-O2;6.77;0.186933500;9
bvector;512;g++;-O2;6.65;0.186044058;10
bvector;512;g++;-O2;6.82;0.189862042;11
bvector;512;g++;-O2;6.79;0.189232426;12
bvector;512;g++;-O2;6.51;0.189764971;13
bvector;512;g++;-O2;6.70;0.186581262;14
bvector;1024;g++;-O2;12.71;0.374273180;0
bvector;1024;g++;-O2;12.71;0.376186425;1
bvector;1024;g++;-O2;12.74;0.372174648;2
bvector;1024;g++;-O2;12.94;0.368974268;3
bvector;1024;g++;-O2;13.00;0.373913507;4
bvector;1024;g++;-O2;16.21;0.377561745;5
bvector;1024;g++;-O2;14.06;0.370203675;6
bvector;1024;g++;-O2;12.50;0.373258223;7
bvector;1024;g++;-O2;12.18;0.371947394;8
bvector;1024;g++;-O2;12.49;0.374881626;9
bvector;1024;g++;-O2;12.05;0.373126627;10
bvector;1024;g++;-O2;12.33;0.373432248;11
bvector;1024;g++;-O2;12.47;0.367471449;12
bvector;1024;g++;-O2;11.89;0.365600242;13
bvector;1024;g++;-O2;12.56;0.372963923;14
bvector;2048;g++;-O2;23.97;0.732441474;0
bvector;2048;g++;-O2;24.26;0.738169899;1
bvector;2048;g++;-O2;23.87;0.741448705;2
bvector;2048;g++;-O2;24.04;0.731957470;3
bvector;2048;g++;-O2;23.98;0.728478378;4
bvector;2048;g++;-O2;23.08;0.726648810;5
bvector;2048;g++;-O2;23.33;0.726936888;6
bvector;2048;g++;-O2;23.18;0.726589489;7
bvector;2048;g++;-O2;24.14;0.739486950;8
bvector;2048;g++;-O2;23.60;0.737611094;9
bvector;2048;g++;-O2;23.88;0.738207579;10
bvector;2048;g++;-O2;31.55;0.748863622;11
bvector;2048;g++;-O2;31.94;0.750098119;12
bvector;2048;g++;-O2;24.40;0.739084257;13
bvector;2048;g++;-O2;23.45;0.736937465;14
cvector;512;g++;-O2;7.95;0.220645487;0
cvector;512;g++;-O2;7.76;0.220105358;1
cvector;512;g++;-O2;7.76;0.219931122;2
cvector;512;g++;-O2;7.41;0.219077898;3
cvector;512;g++;-O2;7.43;0.215846881;4
cvector;512;g++;-O2;7.50;0.218428184;5
cvector;512;g++;-O2;7.48;0.218725189;6
cvector;512;g++;-O2;7.77;0.220933847;7
cvector;512;g++;-O2;7.46;0.219680835;8
cvector;512;g++;-O2;7.54;0.220444121;9
cvector;512;g++;-O2;7.40;0.219751677;10
cvector;512;g++;-O2;7.13;0.217928691;11
cvector;512;g++;-O2;7.49;0.221231192;12
cvector;512;g++;-O2;7.74;0.218079221;13
cvector;512;g++;-O2;7.81;0.218277943;14
cvector;1024;g++;-O2;14.86;0.436778202;0
cvector;1024;g++;-O2;14.58;0.429301751;1
cvector;1024;g++;-O2;13.96;0.425844460;2
cvector;1024;g++;-O2;13.74;0.425137589;3
cvector;1024;g++;-O2;13.71;0.424993309;4
cvector;1024;g++;-O2;14.80;0.436343229;5
cvector;1024;g++;-O2;14.57;0.428910480;6
cvector;1024;g++;-O2;14.84;0.436490564;7
cvector;1024;g++;-O2;14.92;0.435495816;8
cvector;1024;g++;-O2;13.88;0.432270749;9
cvector;1024;g++;-O2;13.97;0.432459171;10
cvector;1024;g++;-O2;14.43;0.426973299;11
cvector;1024;g++;-O2;14.80;0.436013223;12
cvector;1024;g++;-O2;14.87;0.436988234;13
cvector;1024;g++;-O2;14.15;0.434588850;14
cvector;2048;g++;-O2;28.09;0.863162400;0
cvector;2048;g++;-O2;27.92;0.849272033;1
cvector;2048;g++;-O2;27.97;0.852784658;2
cvector;2048;g++;-O2;28.49;0.864539124;3
cvector;2048;g++;-O2;27.48;0.862130512;4
cvector;2048;g++;-O2;27.47;0.861902256;5
cvector;2048;g++;-O2;28.47;0.866056890;6
cvector;2048;g++;-O2;28.37;0.863912773;7
cvector;2048;g++;-O2;28.25;0.865673563;8
cvector;2048;g++;-O2;28.07;0.862809401;9
cvector;2048;g++;-O2;28.29;0.866345840;10
cvector;2048;g++;-O2;27.81;0.848741603;11
cvector;2048;g++;-O2;27.09;0.846778985;12
cvector;2048;g++;-O2;28.43;0.865725660;13
cvector;2048;g++;-O2;29.03;0.869200313;14
string;512;g++;-O2;7.87;0.218084252;0
string;512;g++;-O2;7.72;0.219222348;1
string;512;g++;-O2;7.56;0.216883117;2
string;512;g++;-O2;7.66;0.221347710;3
string;512;g++;-O2;7.69;0.217858299;4
string;512;g++;-O2;7.67;0.216670509;5
string;512;g++;-O2;7.70;0.219730718;6
string;512;g++;-O2;7.56;0.219687047;7
string;512;g++;-O2;7.73;0.217259611;8
string;512;g++;-O2;7.69;0.217643317;9
string;512;g++;-O2;7.74;0.220261249;10
string;512;g++;-O2;7.47;0.219072678;11
string;512;g++;-O2;7.72;0.217700805;12
string;512;g++;-O2;7.83;0.220157375;13
string;512;g++;-O2;7.55;0.219750946;14
string;1024;g++;-O2;14.49;0.434838056;0
string;1024;g++;-O2;14.03;0.433811738;1
string;1024;g++;-O2;14.07;0.433913709;2
string;1024;g++;-O2;14.82;0.436921199;3
string;1024;g++;-O2;14.46;0.435350704;4
string;1024;g++;-O2;14.04;0.433609080;5
string;1024;g++;-O2;14.81;0.426633414;6
string;1024;g++;-O2;13.72;0.424763891;7
string;1024;g++;-O2;13.71;0.425217638;8
string;1024;g++;-O2;13.72;0.425539059;9
string;1024;g++;-O2;14.95;0.437204499;10
string;1024;g++;-O2;15.09;0.437585792;11
string;1024;g++;-O2;14.49;0.435511054;12
string;1024;g++;-O2;14.56;0.429882456;13
string;1024;g++;-O2;14.73;0.434746305;14
string;2048;g++;-O2;27.95;0.866661590;0
string;2048;g++;-O2;28.06;0.849076248;1
string;2048;g++;-O2;29.34;0.867924820;2
string;2048;g++;-O2;27.82;0.861917815;3
string;2048;g++;-O2;27.70;0.861380871;4
string;2048;g++;-O2;28.18;0.853767814;5
string;2048;g++;-O2;27.24;0.851409779;6
string;2048;g++;-O2;28.57;0.862794744;7
string;2048;g++;-O2;28.10;0.864545926;8
string;2048;g++;-O2;27.61;0.861583200;9
string;2048;g++;-O2;27.84;0.861935438;10
string;2048;g++;-O2;27.53;0.861793152;11
string;2048;g++;-O2;27.62;0.860912897;12
string;2048;g++;-O2;29.01;0.866196720;13
string;2048;g++;-O2;28.20;0.849302140;14
bitset;512;g++;-O3;10.21;0.296959935;0
bitset;512;g++;-O3;10.28;0.302779380;1
bitset;512;g++;-O3;10.52;0.302278174;2
bitset;512;g++;-O3;10.16;0.301562075;3
bitset;512;g++;-O3;10.31;0.303160793;4
bitset;512;g++;-O3;10.58;0.298912724;5
bitset;512;g++;-O3;10.20;0.297755803;6
bitset;512;g++;-O3;10.42;0.301025433;7
bitset;512;g++;-O3;10.20;0.300854873;8
bitset;512;g++;-O3;10.01;0.300858481;9
bitset;512;g++;-O3;10.00;0.300818065;10
bitset;512;g++;-O3;10.43;0.297989840;11
bitset;512;g++;-O3;10.68;0.298366754;12
bitset;512;g++;-O3;10.22;0.295864989;13
bitset;512;g++;-O3;10.39;0.302489559;14
bitset;1024;g++;-O3;20.35;0.589405795;0
bitset;1024;g++;-O3;20.43;0.591927266;1
bitset;1024;g++;-O3;19.93;0.604536900;2
bitset;1024;g++;-O3;20.09;0.598748333;3
bitset;1024;g++;-O3;19.56;0.597160055;4
bitset;1024;g++;-O3;19.63;0.597264531;5
bitset;1024;g++;-O3;19.57;0.597598865;6
bitset;1024;g++;-O3;19.58;0.596838344;7
bitset;1024;g++;-O3;19.78;0.598538001;8
bitset;1024;g++;-O3;19.75;0.598260873;9
bitset;1024;g++;-O3;19.64;0.597899196;10
bitset;1024;g++;-O3;19.66;0.597582175;11
bitset;1024;g++;-O3;19.81;0.599293222;12
bitset;1024;g++;-O3;20.09;0.598337716;13
bitset;1024;g++;-O3;20.48;0.590038658;14
bitset;2048;g++;-O3;39.56;1.198929554;0
bitset;2048;g++;-O3;39.61;1.173267601;1
bitset;2048;g++;-O3;38.50;1.171862888;2
bitset;2048;g++;-O3;38.87;1.193118114;3
bitset;2048;g++;-O3;39.36;1.191327459;4
bitset;2048;g++;-O3;39.45;1.173511893;5
bitset;2048;g++;-O3;38.84;1.171887738;6
bitset;2048;g++;-O3;39.15;1.171567740;7
bitset;2048;g++;-O3;38.85;1.171674991;8
bitset;2048;g++;-O3;39.27;1.193942925;9
bitset;2048;g++;-O3;38.81;1.191174403;10
bitset;2048;g++;-O3;38.83;1.190189082;11
bitset;2048;g++;-O3;38.98;1.199040580;12
bitset;2048;g++;-O3;38.46;1.196707221;13
bitset;2048;g++;-O3;39.75;1.173465125;14
bvector;512;g++;-O3;10.98;0.307135257;0
bvector;512;g++;-O3;10.59;0.305478962;1
bvector;512;g++;-O3;10.66;0.314649236;2
bvector;512;g++;-O3;10.90;0.308651059;3
bvector;512;g++;-O3;10.92;0.313865792;4
bvector;512;g++;-O3;10.51;0.311889009;5
bvector;512;g++;-O3;10.26;0.312125641;6
bvector;512;g++;-O3;10.61;0.313100152;7
bvector;512;g++;-O3;10.30;0.313176455;8
bvector;512;g++;-O3;10.18;0.312855485;9
bvector;512;g++;-O3;10.77;0.306613282;10
bvector;512;g++;-O3;10.53;0.313332797;11
bvector;512;g++;-O3;11.00;0.314625672;12
bvector;512;g++;-O3;10.60;0.313882182;13
bvector;512;g++;-O3;10.87;0.312203617;14
bvector;1024;g++;-O3;20.36;0.619090129;0
bvector;1024;g++;-O3;20.10;0.619544468;1
bvector;1024;g++;-O3;20.44;0.619512489;2
bvector;1024;g++;-O3;20.17;0.618868906;3
bvector;1024;g++;-O3;20.15;0.619541242;4
bvector;1024;g++;-O3;21.05;0.609628652;5
bvector;1024;g++;-O3;20.60;0.618913970;6
bvector;1024;g++;-O3;20.17;0.618897930;7
bvector;1024;g++;-O3;20.08;0.619954744;8
bvector;1024;g++;-O3;20.07;0.619342170;9
bvector;1024;g++;-O3;19.99;0.618837116;10
bvector;1024;g++;-O3;20.17;0.618925702;11
bvector;1024;g++;-O3;20.06;0.619588490;12
bvector;1024;g++;-O3;20.19;0.619097272;13
bvector;1024;g++;-O3;20.17;0.618978330;14
bvector;2048;g++;-O3;39.88;1.234190404;0
bvector;2048;g++;-O3;40.29;1.232535481;1
bvector;2048;g++;-O3;40.47;1.233394747;2
bvector;2048;g++;-O3;39.72;1.233515182;3
bvector;2048;g++;-O3;41.58;1.220058439;4
bvector;2048;g++;-O3;41.01;1.235283897;5
bvector;2048;g++;-O3;39.84;1.240635966;6
bvector;2048;g++;-O3;39.20;1.238425526;7
bvector;2048;g++;-O3;39.47;1.238889703;8
bvector;2048;g++;-O3;39.99;1.238480730;9
bvector;2048;g++;-O3;39.81;1.239084518;10
bvector;2048;g++;-O3;39.48;1.238373238;11
bvector;2048;g++;-O3;41.40;1.220044443;12
bvector;2048;g++;-O3;40.96;1.217659808;13
bvector;2048;g++;-O3;40.97;1.218155193;14
cvector;512;g++;-O3;7.41;0.218192267;0
cvector;512;g++;-O3;7.61;0.221107834;1
cvector;512;g++;-O3;7.35;0.220759815;2
cvector;512;g++;-O3;7.16;0.219483399;3
cvector;512;g++;-O3;7.27;0.218465247;4
cvector;512;g++;-O3;7.05;0.217953441;5
cvector;512;g++;-O3;7.21;0.217889291;6
cvector;512;g++;-O3;7.11;0.218134840;7
cvector;512;g++;-O3;7.07;0.217937200;8
cvector;512;g++;-O3;7.01;0.217954673;9
cvector;512;g++;-O3;6.92;0.217780808;10
cvector;512;g++;-O3;7.18;0.217869083;11
cvector;512;g++;-O3;7.09;0.218034803;12
cvector;512;g++;-O3;7.01;0.217833386;13
cvector;512;g++;-O3;7.08;0.217950295;14
cvector;1024;g++;-O3;13.78;0.432431579;0
cvector;1024;g++;-O3;13.83;0.432151977;1
cvector;1024;g++;-O3;14.16;0.427950276;2
cvector;1024;g++;-O3;14.32;0.433390420;3
cvector;1024;g++;-O3;13.71;0.432482705;4
cvector;1024;g++;-O3;14.23;0.429331808;5
cvector;1024;g++;-O3;14.17;0.432786142;6
cvector;1024;g++;-O3;13.71;0.432295835;7
cvector;1024;g++;-O3;13.76;0.432718716;8
cvector;1024;g++;-O3;13.70;0.432193884;9
cvector;1024;g++;-O3;14.00;0.427425465;10
cvector;1024;g++;-O3;14.29;0.425968784;11
cvector;1024;g++;-O3;15.01;0.440740744;12
cvector;1024;g++;-O3;14.24;0.433951218;13
cvector;1024;g++;-O3;13.68;0.432308859;14
cvector;2048;g++;-O3;27.84;0.866858957;0
cvector;2048;g++;-O3;27.49;0.851980608;1
cvector;2048;g++;-O3;27.80;0.863151519;2
cvector;2048;g++;-O3;27.27;0.861274081;3
cvector;2048;g++;-O3;27.24;0.861476971;4
cvector;2048;g++;-O3;27.22;0.860681665;5
cvector;2048;g++;-O3;27.85;0.863388883;6
cvector;2048;g++;-O3;27.26;0.862390117;7
cvector;2048;g++;-O3;27.76;0.861723571;8
cvector;2048;g++;-O3;27.77;0.863621257;9
cvector;2048;g++;-O3;27.29;0.862292835;10
cvector;2048;g++;-O3;27.39;0.847592199;11
cvector;2048;g++;-O3;27.93;0.863066400;12
cvector;2048;g++;-O3;27.93;0.864213354;13
cvector;2048;g++;-O3;27.53;0.852070847;14
string;512;g++;-O3;7.48;0.216419555;0
string;512;g++;-O3;7.59;0.220630733;1
string;512;g++;-O3;7.67;0.221229862;2
string;512;g++;-O3;7.50;0.217051286;3
string;512;g++;-O3;7.15;0.215928388;4
string;512;g++;-O3;7.19;0.215888213;5
string;512;g++;-O3;7.27;0.216117571;6
string;512;g++;-O3;7.68;0.221125327;7
string;512;g++;-O3;7.47;0.219833624;8
string;512;g++;-O3;6.98;0.218112087;9
string;512;g++;-O3;7.13;0.218095657;10
string;512;g++;-O3;7.02;0.218094935;11
string;512;g++;-O3;7.01;0.218126965;12
string;512;g++;-O3;6.97;0.217975683;13
string;512;g++;-O3;7.03;0.218293487;14
string;1024;g++;-O3;14.23;0.428206916;0
string;1024;g++;-O3;14.45;0.430188588;1
string;1024;g++;-O3;14.71;0.436567086;2
string;1024;g++;-O3;14.33;0.428049481;3
string;1024;g++;-O3;14.38;0.433987676;4
string;1024;g++;-O3;14.05;0.426346209;5
string;1024;g++;-O3;14.24;0.433729814;6
string;1024;g++;-O3;13.79;0.432666137;7
string;1024;g++;-O3;13.77;0.432859699;8
string;1024;g++;-O3;14.26;0.428859244;9
string;1024;g++;-O3;14.23;0.433433872;10
string;1024;g++;-O3;13.95;0.424388622;11
string;1024;g++;-O3;13.45;0.424111093;12
string;1024;g++;-O3;14.17;0.433273542;13
string;1024;g++;-O3;14.23;0.434291664;14
string;2048;g++;-O3;27.54;0.853601216;0
string;2048;g++;-O3;28.10;0.866093366;1
string;2048;g++;-O3;27.53;0.862427557;2
string;2048;g++;-O3;27.41;0.862024685;3
string;2048;g++;-O3;27.26;0.862419021;4
string;2048;g++;-O3;27.85;0.863696958;5
string;2048;g++;-O3;27.20;0.861793923;6
string;2048;g++;-O3;27.72;0.862799402;7
string;2048;g++;-O3;27.25;0.862040414;8
string;2048;g++;-O3;27.21;0.861075601;9
string;2048;g++;-O3;27.30;0.862247560;10
string;2048;g++;-O3;27.30;0.862683105;11
string;2048;g++;-O3;27.24;0.850590571;12
string;2048;g++;-O3;27.78;0.863491084;13
string;2048;g++;-O3;27.66;0.850014464;14
